Eg,FWHM_rel_norm,Eff_tot,FE,SE,DE,c511,cntRest,cntRestNoThres,nEvents,nCounts
50,7.234175745384627,0.367544,12867.1,0.0,0.0,0.0,8344.94,7451.0,600000.0,21212
60,6.200476247167735,0.523807,17675.6,0.0,0.0,0.0,12676.4,12331.5,602414.0,30352
70,5.459681035723002,0.668113,12706.3,0.0,0.0,0.0,26162.7,17723.5,604828.0,38869
80,4.902116656855087,0.767015,21587.0,0.0,0.0,0.0,23214.0,21544.8,607243.0,44801
90,4.466836599732189,0.847451,25076.2,0.0,0.0,0.0,24619.8,24805.5,609657.0,49696
100,4.117260095684692,0.910248,26039.5,0.0,0.0,0.0,27550.5,27460.5,612072.0,53590
110,3.830098465443466,0.967461,24438.9,0.0,0.0,0.0,32744.1,29859.8,614486.0,57183
120,3.5898180198114296,0.998896,27157.7,0.0,0.0,0.0,32115.3,31643.0,616901.0,59273
130,3.3856583449246314,1.02414,3926.16,0.0,0.0,0.0,57082.8,32909.0,619315.0,61009
140,3.2099283168740764,1.04528,9273.81,0.0,0.0,0.0,53237.2,34188.5,621730.0,62511
150,3.056983598707016,1.07617,26432.2,0.0,0.0,0.0,38175.8,35364.5,624144.0,64608
160,2.922587490806641,1.08669,28637.7,0.0,0.0,0.0,36854.3,36259.8,626559.0,65492
170,2.803497297735631,1.10415,29486.2,0.0,0.0,0.0,37314.8,37092.2,628973.0,66801
180,2.6971885215505402,1.10457,29579.2,0.0,0.0,0.0,37503.8,37405.2,631388.0,67083
190,2.6016661116413204,1.12087,27852.2,0.0,0.0,0.0,40480.8,38518.8,633802.0,68333
200,2.5153323076126646,1.12418,29263.7,0.0,0.0,0.0,39532.3,38897.8,636217.0,68796
210,2.4368922157300466,1.1312,29786.7,0.0,0.0,0.0,39701.3,39463.5,638631.0,69488
220,2.36528511659372,1.12986,27290.3,0.0,0.0,0.0,42377.7,39815.2,641046.0,69668
230,2.299633675782667,1.13027,28316.9,0.0,0.0,0.0,41639.1,40186.0,643460.0,69956
240,2.2392058381335884,1.12698,29219.5,0.0,0.0,0.0,40794.5,40377.0,645875.0,70014
250,2.183385856123583,1.13569,26219.2,0.0,0.0,0.0,44599.8,41269.0,648289.0,70819
260,2.13165199468979,1.13557,1644.3,0.0,0.0,0.0,69430.7,41625.5,650704.0,71075
270,2.083559182782333,1.13824,29460.6,0.0,0.0,0.0,42046.4,41878.2,653118.0,71507
280,2.0387253759626804,1.14247,13532.7,0.0,0.0,0.0,58505.3,42485.0,655533.0,72038
290,1.996820735091656,1.14018,17222.3,0.0,0.0,0.0,54935.7,42848.8,657947.0,72158
300,1.9575589646883993,1.13717,20011.9,0.0,0.0,0.0,52220.1,43080.5,660362.0,72232
310,1.920690323845133,1.14586,21687.9,0.0,0.0,0.0,51362.1,43913.0,662776.0,73050
320,1.885995944284716,1.13944,27948.5,0.0,0.0,0.0,44956.5,43875.5,665191.0,72905
330,1.8532831786705846,1.13885,28184.5,0.0,0.0,0.0,44947.5,44305.5,667605.0,73132
340,1.8223817673784017,1.13097,28296.2,0.0,0.0,0.0,44592.8,44284.5,670020.0,72889
350,1.7931406603062303,1.13921,16489.4,0.0,0.0,0.0,57194.6,44998.0,672434.0,73684
360,1.7654253665817856,1.12992,28372.1,0.0,0.0,0.0,44973.9,44866.8,674849.0,73346
370,1.7391157324868203,1.12961,21200.2,0.0,0.0,0.0,52387.8,45337.0,677263.0,73588
380,1.714104068880178,1.13509,26207.2,0.0,0.0,0.0,48001.8,46019.2,679678.0,74209
390,1.6902935655285918,1.13124,26969.6,0.0,0.0,0.0,47250.4,46193.2,682092.0,74220
400,1.667596942255882,1.12531,27141.0,0.0,0.0,0.0,46951.0,46415.2,684507.0,74092
410,1.6459352965807479,1.12409,15337.0,0.0,0.0,0.0,58936.0,46501.5,686921.0,74273
420,1.625237115183426,1.121,27319.8,0.0,0.0,0.0,47009.2,46782.8,689336.0,74329
430,1.6054374226077277,1.12983,20144.7,0.0,0.0,0.0,55032.3,47465.8,691750.0,75177
440,1.5864770454316677,1.12011,24731.7,0.0,0.0,0.0,50058.3,47164.2,694164.0,74790
450,1.5683019740023145,1.11652,25542.4,0.0,0.0,0.0,49267.6,47324.0,696579.0,74810
460,1.5508628069381218,1.12643,26513.7,0.0,0.0,0.0,49221.3,48133.5,698993.0,75735
470,1.5341142661153075,1.12696,13686.2,0.0,0.0,0.0,62346.8,48278.0,701408.0,76033
480,1.5180147718975336,1.11793,26754.5,0.0,0.0,0.0,48928.5,48530.5,703822.0,75683
490,1.5025260700361753,1.10747,18242.5,0.0,0.0,0.0,56989.5,48388.0,706237.0,75232
500,1.4876129030367333,1.10899,20375.9,0.0,0.0,0.0,55217.1,48571.8,708651.0,75593
510,1.4732427199141054,1.11214,24128.2,0.0,0.0,0.0,51937.8,49047.2,711066.0,76066
520,1.4593854191918638,1.11374,3722.7,0.0,0.0,0.0,72711.3,49400.5,713480.0,76434
530,1.446013120775065,1.11251,26513.8,0.0,0.0,0.0,50094.2,49830.2,715895.0,76608
540,1.4330999629716392,1.10999,26869.9,0.0,0.0,0.0,49822.1,49597.8,718309.0,76692
550,1.4206219214775653,1.10537,26617.8,0.0,0.0,0.0,50012.2,49818.2,720724.0,76630
560,1.4085566475945124,1.09868,14927.3,0.0,0.0,0.0,61493.7,49710.0,723138.0,76421
570,1.3968833233306748,1.10079,17110.0,0.0,0.0,0.0,59714.0,50314.5,725553.0,76824
580,1.3855825313584453,1.09813,19076.6,0.0,0.0,0.0,57816.4,50443.0,727967.0,76893
590,1.3746361380763128,1.10032,26367.7,0.0,0.0,0.0,50934.3,50765.0,730382.0,77302
600,1.3640271882551658,1.09912,22231.2,0.0,0.0,0.0,55241.8,50877.0,732796.0,77473
610,1.353739809947745,1.09486,24041.1,0.0,0.0,0.0,53385.9,50919.2,735211.0,77427
620,1.3437591285097474,1.09942,24548.9,0.0,0.0,0.0,53456.1,51611.5,737625.0,78005
630,1.3340711887267243,1.08343,24649.8,0.0,0.0,0.0,52472.2,51082.5,740040.0,77122
640,1.3246628841660748,1.09013,25040.7,0.0,0.0,0.0,52811.3,51611.0,742454.0,77852
650,1.3155218929813688,1.08609,25259.9,0.0,0.0,0.0,52556.1,51659.8,744869.0,77816
660,1.3066366194894494,1.09095,25541.8,0.0,0.0,0.0,52875.2,52164.5,747283.0,78417
670,1.2979961409215295,1.08624,25127.3,0.0,0.0,0.0,53203.7,52610.5,749698.0,78331
680,1.2895901588196013,1.09407,25580.6,0.0,0.0,0.0,53569.4,53112.0,752112.0,79150
690,1.281408954610448,1.08382,15770.1,0.0,0.0,0.0,62889.9,52578.0,754527.0,78660
700,1.273443348942744,1.07799,17577.8,0.0,0.0,0.0,60909.2,52494.0,756941.0,78487
710,1.2656846644191682,1.07307,19349.4,0.0,0.0,0.0,59028.6,52525.0,759356.0,78378
720,1.2581246913961437,1.0709,25306.8,0.0,0.0,0.0,53161.2,52836.0,761770.0,78468
730,1.250755656559481,1.08308,21633.1,0.0,0.0,0.0,57978.9,53501.2,764185.0,79612
740,1.2435701940155703,1.08029,22891.9,0.0,0.0,0.0,56766.1,53654.0,766599.0,79658
750,1.2365613186653663,1.07176,23269.2,0.0,0.0,0.0,56008.8,53430.5,769014.0,79278
760,1.2297224016527655,1.06853,23667.0,0.0,0.0,0.0,55620.0,53558.0,771428.0,79287
770,1.2230471477004978,1.07065,5948.25,0.0,0.0,0.0,73744.8,53756.8,773843.0,79693
780,1.2165295741656945,1.065,24230.4,0.0,0.0,0.0,55289.6,53943.8,776257.0,79520
790,1.2101639916641833,1.06749,24566.0,0.0,0.0,0.0,55388.0,54353.2,778672.0,79954
800,1.203944986127558,1.06474,24676.9,0.0,0.0,0.0,55318.1,54433.0,781086.0,79995
810,1.1978674021704052,1.06497,14074.9,0.0,0.0,0.0,66185.1,54500.0,783501.0,80260
820,1.1919263276569543,1.07281,15504.8,0.0,0.0,0.0,65595.2,55297.8,785915.0,81100
830,1.1861170793670088,1.0656,17055.2,0.0,0.0,0.0,63746.8,54951.8,788329.0,80802
840,1.180435189670493,1.06121,24877.3,0.0,0.0,0.0,55838.7,55357.2,790744.0,80716
850,1.1748763941284177,1.0608,19620.3,0.0,0.0,0.0,61310.7,55280.0,793158.0,80931
860,1.1694366199456512,1.05622,20386.0,0.0,0.0,0.0,60441.0,55425.5,795573.0,80827
870,1.164111975207702,1.05567,21365.0,0.0,0.0,0.0,59665.0,55682.5,797987.0,81030
880,1.158898738839827,1.05355,22369.0,0.0,0.0,0.0,58743.0,55368.2,800402.0,81112
890,1.1537933512322818,1.0519,6206.8,0.0,0.0,0.0,75022.2,55808.5,802816.0,81229
900,1.1487924054804868,1.05186,23308.1,0.0,0.0,0.0,58161.9,55877.5,805231.0,81470
910,1.1438926391933477,1.04939,23619.5,0.0,0.0,0.0,57903.5,56089.0,807645.0,81523
920,1.139090926827001,1.05322,24201.2,0.0,0.0,0.0,57863.8,56301.0,810060.0,82065
930,1.1343842725048998,1.04537,24342.1,0.0,0.0,0.0,57353.9,56113.0,812474.0,81696
940,1.1297698032884576,1.03916,13591.8,0.0,0.0,0.0,67860.2,56340.0,814889.0,81452
950,1.1252447628654463,1.04726,15314.5,0.0,0.0,0.0,67015.5,56819.5,817303.0,82330
960,1.1208065056260668,1.0414,24756.8,0.0,0.0,0.0,57354.2,56636.2,819718.0,82111
970,1.116452491099053,1.0436,24642.2,0.0,0.0,0.0,57884.8,57233.8,822132.0,82527
980,1.1121802787224235,1.04007,18778.9,0.0,0.0,0.0,63711.1,57134.8,824547.0,82490
990,1.1079875229255134,1.03579,19732.6,0.0,0.0,0.0,62658.4,57112.8,826961.0,82391
1000,1.1038719685007798,1.03777,21013.2,0.0,0.0,0.0,61775.8,57199.2,829376.0,82789
1010,1.099831446245556,1.03477,21494.5,0.0,0.0,0.0,61295.5,57380.2,831790.0,82790
1020,1.095863868855477,1.03711,21973.6,0.0,0.0,0.0,61244.4,57732.5,834205.0,83218
1030,1.091967227052692,1.03723,24891.8,0.0,2.50563,15.3165,58566.7,57629.0,836619.0,83469
1040,1.0881395859332827,1.02884,3680.07,5.72192,0.0,2.33002,79351.7,57905.2,839034.0,83033
1050,1.0843790815194647,1.03669,24619.4,3.38451,3.4794,0.0,59292.1,58471.0,841448.0,83907
1060,1.0806839175032388,1.02978,24622.1,13.5423,0.0,0.0,58956.6,58069.0,843863.0,83587
1070,1.0770523621691386,1.02419,24188.4,11.0202,0.0,1.03389,59182.0,58339.8,846277.0,83371
1080,1.0734827454846347,1.02907,24680.5,9.50678,22.2009,8.06408,59286.8,58452.5,848692.0,84007
1090,1.0699734563475727,1.02769,24832.3,15.8356,9.16065,8.32879,59267.3,58508.8,851106.0,84133
1100,1.0665229399808023,1.02215,24550.0,20.6115,25.1645,0.0,59329.6,58506.2,853521.0,83917
1110,1.0631296954648455,1.02493,24810.6,19.5596,0.0,19.2156,59549.1,58775.8,855935.0,84383
1120,1.0597922734001055,1.02018,12947.7,12.6375,0.0,3.24111,71273.6,58745.2,858350.0,84229
1130,1.0565092736907051,1.01744,13983.7,12.5569,0.0,11.6957,70231.4,59131.0,860764.0,84239
1140,1.0532793434426035,1.02034,15485.1,12.9531,0.0,9.11056,69213.3,59029.2,863179.0,84716
1150,1.0501011749691336,1.01996,16089.7,13.9465,15.0144,20.4291,68782.9,59446.2,865593.0,84922
1160,1.046973503897581,1.01739,17044.2,9.66681,10.5563,17.3092,67862.3,59578.2,868008.0,84944
1170,1.043895107370847,1.01232,18018.7,23.2441,0.0,17.6515,66705.9,59250.5,870422.0,84756
1180,1.0408648023386478,1.02395,25054.9,23.868,21.3772,0.0488556,60866.8,60180.5,872837.0,85967
1190,1.037881443933058,1.01012,24865.2,25.2316,0.0,6.50801,60154.6,59485.5,875251.0,85041
1200,1.0349439239235607,1.01218,20068.7,41.5314,0.0,15.3126,65327.9,59981.0,877665.0,85449
1210,1.0320511692470768,1.01031,20475.5,35.8327,10.2387,20.7776,64983.6,59996.2,880080.0,85526
1220,1.029202140608735,1.01158,20943.6,43.7082,0.0,35.1195,64856.7,60289.0,882494.0,85868
1230,1.0263958311494294,1.00493,21276.3,44.5878,0.0,28.968,64211.0,60115.5,884909.0,85537
1240,1.0236312651764472,1.00527,21474.7,48.8957,34.1585,20.2253,64222.0,60461.8,887323.0,85800
1250,1.0209074969536986,1.00825,21983.0,47.0011,18.026,26.9708,64213.0,60682.2,889738.0,86288
1260,1.018223609548289,1.00392,22135.9,68.9121,6.32975,30.3771,63909.5,60631.0,892152.0,86151
1270,1.0155787137303771,1.00641,22113.3,89.442,13.5762,39.7474,64341.9,61192.2,894567.0,86598
1280,1.01297194692346,1.00412,22667.7,82.9975,24.15,32.043,63827.2,61069.0,896981.0,86634
1290,1.0104024722023885,1.00837,5372.52,76.604,10.8812,38.8242,81736.2,61297.2,899396.0,87235
1300,1.00786947733659,0.998232,22909.6,74.0826,0.486972,33.9157,63571.9,61137.2,901810.0,86590
1310,1.005372173876119,1.00425,23438.0,77.0945,17.705,45.6365,63766.5,61415.2,904225.0,87345
1320,1.0029097962783147,1.00802,23686.5,100.438,9.58873,49.9474,64060.6,61819.5,906639.0,87907
1330,1.0004816010729483,1.0053,23625.1,101.781,18.9958,32.7994,64125.3,62148.0,909054.0,87904
1332,1.0,1.0,257968.0,1123.83,206.351,643.843,701939.0,680016.0,10000000.0,961881
1340,0.9980868660638995,0.997258,23427.6,127.554,18.6134,45.4496,63812.8,61979.0,911468.0,87432
1350,0.9957248895654944,0.999412,23493.0,128.329,23.3408,57.289,64151.1,62442.8,913883.0,87853
1360,0.9933949896717502,0.996666,23551.9,116.499,27.8158,61.4825,64085.3,62356.0,916297.0,87843
1370,0.9910965035568808,0.996569,12461.0,159.029,16.7752,75.6312,75353.6,62402.0,918712.0,88066
1380,0.9888287868055005,0.991633,13476.3,143.567,19.9813,73.7371,74146.4,62040.8,921126.0,87860
1390,0.9865912127710615,0.994612,14246.8,153.837,17.6886,85.8599,73850.8,62837.0,923541.0,88355
1400,0.984383171961136,0.992749,14918.5,150.197,33.5623,96.2849,73221.4,62718.0,925955.0,88420
1410,0.9822040714482329,0.989225,15810.9,162.307,47.0377,80.4809,72235.3,62542.0,928370.0,88336
1420,0.9800533343049194,0.990982,16204.3,201.428,30.9677,98.4676,72187.9,63104.8,930784.0,88723
1430,0.977930399062073,0.998132,24409.5,206.635,38.6627,105.646,64834.6,63571.0,933199.0,89595
1440,0.9758347191891641,0.990635,24128.8,195.195,44.9924,129.446,64653.6,63400.5,935613.0,89152
1450,0.9737657625955237,0.990611,18298.1,213.447,23.9037,106.744,70737.8,63441.8,938028.0,89380
1460,0.9717230111516098,0.994171,18528.4,234.35,49.051,99.5602,71020.6,64107.8,940442.0,89932
1470,0.969705960229337,0.988305,18820.1,269.885,51.9643,122.617,70366.5,63854.2,942857.0,89631
1480,0.9677141182605863,0.984934,19430.5,248.315,42.3467,131.756,69701.1,63790.8,945271.0,89554
1490,0.9657470063130538,0.986615,20058.3,264.089,38.9545,133.414,69441.2,64017.2,947686.0,89936
1500,0.9638041576826505,0.991319,20404.9,293.848,51.3995,130.751,69714.1,64498.8,950100.0,90595
1510,0.961885117501694,0.982628,20471.9,298.06,56.6492,143.904,69058.5,64239.2,952515.0,90029
1520,0.9599894423621822,0.984238,20868.3,289.522,42.3992,169.437,69035.4,64475.0,954929.0,90405
1530,0.958116699953473,0.982656,5777.55,307.644,47.1839,149.826,84205.8,64826.1,957344.0,90488
1540,0.9562664687137262,0.983683,6411.1,344.552,51.7393,136.88,83866.7,64928.0,959758.0,90811
1550,0.9544383374944992,0.987114,21845.5,358.262,51.4135,177.608,68924.2,65243.2,962173.0,91357
1560,0.9526319052379162,0.980138,21942.4,328.612,59.5301,166.158,68442.3,64950.8,964587.0,90939
1570,0.9508467806658631,0.98283,22197.7,356.403,89.4935,186.579,68586.9,65430.2,967002.0,91417
1580,0.9490825819806875,0.983835,22450.6,386.024,64.1585,222.676,68615.5,65600.5,969416.0,91739
1590,0.9473389365769013,0.980343,22696.0,420.636,73.2678,183.852,68267.2,65489.0,971830.0,91641
1600,0.9456154807634207,0.976867,22772.7,411.86,68.4636,179.304,68110.6,65530.8,974245.0,91543
1610,0.9439118594958918,0.979019,22922.3,452.239,82.4409,228.275,68286.7,65767.2,976659.0,91972
1620,0.9422277261186726,0.977985,11932.9,447.198,67.6942,222.86,79431.4,65919.8,979074.0,92102
1630,0.9405627421160706,0.982147,12877.0,490.036,87.3214,246.465,79021.2,66348.5,981488.0,92722
1640,0.9389165768724438,0.975795,13501.9,492.414,83.5026,272.979,77998.2,65971.0,983903.0,92349
1650,0.937288907440799,0.974566,14143.8,512.662,74.6249,252.574,77475.3,66050.8,986317.0,92459
1660,0.9356794183195354,0.97555,14593.1,515.181,98.903,265.795,77306.0,66352.5,988732.0,92779
1670,0.9340878012370017,0.974716,23364.8,575.02,90.0352,286.598,68609.5,66678.8,991146.0,92926
1680,0.9325137549435444,0.976009,23916.8,571.303,96.0109,266.285,68425.6,66590.0,993561.0,93276
1690,0.9309569850107444,0.973049,23552.1,590.794,77.3268,292.932,68705.8,66901.5,995975.0,93219
1700,0.9294172036375546,0.971424,16813.1,617.773,99.6225,258.76,75499.8,67136.0,998390.0,93289
1710,0.9278941294630586,0.971449,17483.3,613.427,105.103,320.223,74994.9,66957.2,1000800.0,93517
1720,0.926387487385587,0.973743,17767.4,618.241,93.7647,297.691,75186.9,67463.2,1003220.0,93964
1730,0.9248970083879436,0.973597,18422.1,663.592,103.934,325.066,74661.3,67705.5,1005630.0,94176
1740,0.9234224293684938,0.973101,18722.6,655.095,106.979,318.339,74551.0,67815.0,1008050.0,94354
1750,0.921963492977893,0.968615,19316.3,655.025,88.2555,319.11,73765.3,67664.5,1010460.0,94144
1760,0.9205199474612291,0.966326,19348.6,694.013,138.12,360.729,73604.5,67669.0,1012880.0,94146
1770,0.9190915465053751,0.967193,19829.0,702.296,138.396,354.201,73431.1,67823.5,1015290.0,94455
1780,0.9176780490913462,0.971098,6617.26,719.366,119.792,412.105,87193.5,68259.0,1017710.0,95062
1790,0.9162792193514749,0.970034,20466.7,774.865,107.86,378.24,73455.3,68720.8,1020120.0,95183
1800,0.914894826431216,0.973945,20914.0,786.686,104.884,425.868,73561.5,68998.5,1022540.0,95793
1810,0.9135246443554094,0.967431,21114.9,828.887,142.651,434.482,72856.1,68619.8,1024950.0,95377
1820,0.9121684518988319,0.96198,21083.0,807.611,134.55,397.09,72640.8,68653.5,1027360.0,95063
1830,0.9108260324608781,0.963965,21334.7,842.672,157.921,421.47,72726.3,68771.0,1029780.0,95483
1840,0.9094971739442161,0.969515,21773.0,909.566,150.864,426.41,72998.1,69311.0,1032190.0,96258
1850,0.9081816686372703,0.966158,22018.9,876.382,158.515,423.241,72672.0,69290.5,1034610.0,96149
1860,0.9068793131003922,0.964439,21944.9,867.325,118.369,462.099,72809.3,69576.5,1037020.0,96202
1870,0.9055899080555824,0.9667,11833.1,917.131,140.13,456.521,83305.1,69525.2,1039440.0,96652
1880,0.904313258279637,0.965717,12315.1,904.713,138.532,489.64,82930.0,69923.0,1041850.0,96778
1890,0.9030491725005895,0.964669,12788.1,994.374,179.733,456.504,82478.2,69848.0,1044260.0,96897
1900,0.9017974632973353,0.962493,13516.1,1000.81,164.79,508.737,81711.5,69914.5,1046680.0,96902
1910,0.9005579470023221,0.964341,13884.1,978.539,177.474,510.085,81761.8,70364.5,1049090.0,97312
1920,0.8993304436071942,0.955146,22676.2,1069.2,152.633,495.845,72212.1,69686.0,1051510.0,96606
1930,0.8981147766712917,0.961422,23100.7,999.563,177.779,539.459,72646.5,70171.2,1053920.0,97464
1940,0.8969107732328989,0.963466,22997.2,1080.13,166.973,545.284,73105.4,70736.5,1056340.0,97895
1950,0.8957182637231491,0.962948,16178.6,1093.93,210.82,522.551,80060.1,70631.0,1058750.0,98066
1960,0.8945370818824888,0.959669,16439.8,1123.7,179.76,555.566,79656.2,70726.2,1061170.0,97955
1970,0.8933670646796175,0.960287,17039.1,1131.96,223.2,567.982,79278.8,70796.8,1063580.0,98241
1980,0.8922080522328127,0.957839,17330.5,1169.68,155.803,572.479,78984.6,70990.5,1066000.0,98213
1990,0.8910598877335638,0.958223,17843.6,1173.69,178.746,620.138,78658.8,71193.8,1068410.0,98475
2000,0.8899224173724273,0.961908,18261.5,1179.1,205.002,610.604,78820.8,71599.5,1070820.0,99077
2010,0.8887954902670386,0.958465,23359.3,1242.27,192.211,612.109,73539.1,71635.0,1073240.0,98945
2020,0.8876789583921973,0.959938,19029.2,1233.62,200.266,622.629,78234.3,71793.0,1075650.0,99320
2030,0.8865726765119631,0.957826,23699.3,1311.34,185.777,674.498,73453.1,71696.5,1078070.0,99324
2040,0.8854765021136918,0.958371,19561.2,1328.37,205.411,642.94,77865.1,71771.0,1080480.0,99603
2050,0.8843902953439455,0.962023,24473.2,1334.03,225.883,689.962,73482.9,72363.8,1082900.0,100206
2060,0.8833139189462194,0.961444,22702.7,1367.22,201.864,673.873,75423.3,72526.0,1085310.0,100369
2070,0.8822472382004202,0.960198,15322.3,1385.56,234.959,695.825,82823.3,72735.0,1087730.0,100462
2080,0.8811901208640407,0.958244,4306.66,1397.42,245.132,716.605,93814.2,72830.0,1090140.0,100480
2090,0.8801424371149768,0.953518,16287.1,1417.24,197.871,685.913,81617.8,72493.2,1092560.0,100206
2100,0.8791040594959283,0.956885,23014.7,1504.14,235.363,769.035,75258.8,72645.2,1094970.0,100782
2110,0.8780748628603399,0.954059,17402.4,1490.88,249.887,788.558,80774.3,72840.5,1097380.0,100706
2120,0.8770547243198237,0.962571,23315.3,1498.58,221.436,751.215,76041.4,73714.8,1099800.0,101828
2130,0.8760435231930239,0.962528,18339.6,1501.02,231.851,787.61,81186.9,73945.2,1102210.0,102047
2140,0.8750411409558725,0.957215,23540.2,1644.94,234.335,796.345,75490.2,73308.5,1104630.0,101706
2150,0.8740474611931932,0.958198,18898.7,1641.64,229.522,750.967,80512.2,73867.8,1107040.0,102033
2160,0.8730623695516115,0.95437,23233.5,1615.86,267.143,847.884,75882.6,73799.5,1109460.0,101847
2170,0.8720857536937286,0.956729,19659.3,1628.09,281.472,875.253,79876.9,73911.0,1111870.0,102321
2180,0.8711175032535209,0.957222,23652.2,1712.21,255.808,873.599,76102.2,74064.8,1114280.0,102596
2190,0.8701575097929257,0.960459,20125.6,1599.38,249.596,878.513,80313.0,74766.5,1116700.0,103166
2200,0.8692056667595772,0.956603,23469.5,1755.99,246.042,855.346,76647.2,74679.5,1119110.0,102974
2210,0.8682618694456553,0.955313,20631.6,1793.12,249.276,864.354,79518.6,74385.5,1121530.0,103057
2220,0.8673260149478167,0.956332,23755.4,1838.7,268.687,866.446,76659.8,74748.8,1123940.0,103389
2230,0.8663980021281701,0.951605,24764.9,1783.79,301.415,893.393,75355.5,74421.0,1126360.0,103099
2240,0.8654777315762687,0.950307,12201.5,1795.14,258.47,862.5,88061.4,74757.8,1128770.0,103179
2250,0.8645651055720851,0.950254,21189.3,1772.35,270.79,843.499,79318.1,74969.5,1131190.0,103394
2260,0.8636600280499418,0.957025,13226.6,1971.5,282.303,953.529,87919.1,75629.0,1133600.0,104353
2270,0.8627624045633664,0.956281,21633.4,1870.23,276.693,997.352,79716.4,75552.8,1136020.0,104494
2280,0.8618721422508445,0.954527,14147.5,1915.41,285.89,1016.44,87158.8,75734.5,1138430.0,104524
2290,0.8609891498024448,0.952297,21830.8,1937.14,292.563,931.819,79508.7,75566.8,1140840.0,104501
2300,0.8601133374272887,0.95316,14905.8,1952.09,317.72,1021.78,86619.6,75653.0,1143260.0,104817
2310,0.85924461682184,0.954717,21936.4,2068.57,317.928,1065.21,79821.9,76213.8,1145670.0,105210
2320,0.8583829011389907,0.95385,15627.5,2057.74,334.194,1034.34,86282.2,76288.0,1148090.0,105336
2330,0.8575281049579208,0.94658,21987.7,1972.68,294.329,1073.11,79425.2,76037.8,1150500.0,104753
2340,0.8566801442547055,0.955491,16348.6,2003.91,294.84,1091.1,86222.6,76969.5,1152920.0,105961
2350,0.8558389363736535,0.953045,22188.3,2131.47,335.618,1121.45,80134.1,76900.2,1155330.0,105911
2360,0.8550043999993517,0.958241,24495.7,2131.91,329.347,1076.24,78677.8,77243.8,1157750.0,106711
2370,0.8541764551293964,0.951802,22558.5,2151.83,322.254,1091.72,80090.7,76921.5,1160160.0,106215
2380,0.8533550230477919,0.956389,24261.8,2178.11,354.191,1079.24,79075.7,77694.0,1162580.0,106949
2390,0.8525400262989976,0.951194,22725.4,2267.2,339.125,1207.63,80049.6,77214.0,1164990.0,106589
2400,0.8517313886626044,0.94611,17983.6,2263.12,317.915,1134.18,84540.2,77060.5,1167400.0,106239
2410,0.8509290351286232,0.953533,9668.63,2335.56,346.89,1239.72,93703.2,77595.2,1169820.0,107294
2420,0.8501328918733675,0.951338,18644.5,2318.01,354.396,1136.63,84814.5,77818.0,1172230.0,107268
2430,0.8493428862359154,0.955109,10369.7,2279.15,340.136,1198.2,93727.8,78590.0,1174650.0,107915
2440,0.8485589466951305,0.948301,19035.2,2347.38,352.003,1198.76,84432.6,77872.8,1177060.0,107366
2450,0.8477810028472326,0.948599,10971.7,2374.61,368.396,1219.77,92685.5,78199.0,1179480.0,107620
2460,0.8470089853838957,0.950328,19509.6,2415.4,369.44,1236.1,84506.5,78407.2,1181890.0,108037
2470,0.846242826070864,0.949682,11778.6,2378.09,359.696,1302.67,92365.0,78769.2,1184300.0,108184
2480,0.8454824577270706,0.950491,19876.4,2428.59,388.415,1275.57,84528.1,78745.2,1186720.0,108497
2490,0.8447278142042434,0.950581,23235.7,2464.08,343.901,1322.5,81361.9,79002.5,1189130.0,108728
2500,0.8439788303669848,0.946927,20030.9,2601.77,388.796,1371.91,84136.7,78639.5,1191550.0,108530
2510,0.8432354420733169,0.944029,23243.7,2511.99,388.855,1283.87,80988.6,78883.5,1193960.0,108417
2520,0.8424975861556726,0.952125,20818.7,2558.48,336.035,1330.25,84524.5,79487.5,1196380.0,109568
2530,0.8417652004023252,0.951413,23410.9,2547.79,434.974,1368.95,81944.4,79890.8,1198790.0,109707
2540,0.8410382235392453,0.951794,21015.8,2635.48,395.579,1364.7,84560.4,79693.0,1201210.0,109972
2550,0.8403165952123692,0.952062,23651.8,2800.21,414.529,1329.51,82028.0,79976.0,1203620.0,110224
2560,0.8396002559702729,0.950293,21100.8,2771.22,388.318,1406.78,84572.9,80145.5,1206040.0,110240
2570,0.8388891472472368,0.949565,15157.5,2745.69,463.343,1456.5,90552.9,80286.2,1208450.0,110376
2580,0.8381832113466932,0.952737,7778.56,2689.68,430.047,1469.79,98597.9,80787.5,1210860.0,110966
2590,0.837482391425046,0.94959,15784.8,2754.96,451.922,1507.52,90320.8,80443.2,1213280.0,110820
2600,0.8367866314758526,0.951672,21743.3,2776.85,442.166,1464.38,84857.3,80819.2,1215690.0,111284
2610,0.8360958763143581,0.947473,16233.0,2871.43,439.236,1444.81,90024.6,80725.5,1218110.0,111013
2620,0.8354100715623735,0.949303,21423.2,2827.42,439.998,1462.75,85294.6,81430.0,1220520.0,111448
2630,0.8347291636334886,0.948254,16841.6,2859.46,440.847,1548.81,89854.3,81094.8,1222940.0,111545
2640,0.8340530997186109,0.951026,21924.4,2950.63,473.921,1504.24,85238.8,81558.5,1225350.0,112092
2650,0.8333818277718218,0.945007,17315.1,2994.25,423.743,1573.6,89295.3,81107.0,1227770.0,111602
2660,0.832715296496543,0.945822,22255.5,2975.67,457.251,1613.1,84616.5,81256.8,1230180.0,111918
2670,0.832053455332003,0.950127,17965.9,3054.91,498.82,1606.03,89522.3,81741.2,1232600.0,112648
2680,0.8313962544400003,0.948774,22399.7,3047.88,459.453,1590.84,85210.1,82008.8,1235010.0,112708
2690,0.8307436446919493,0.951242,18245.5,3175.05,474.533,1661.14,89665.8,82248.5,1237420.0,113222
2700,0.8300955776562086,0.947368,22878.1,3096.29,451.86,1659.04,84895.7,81910.2,1239840.0,112981
2710,0.8294520055856802,0.950356,18536.8,3061.89,489.546,1668.47,89801.3,83003.2,1242250.0,113558
2720,0.828812881405673,0.950333,22858.5,3183.59,481.288,1644.34,85608.3,82701.0,1244670.0,113776
2730,0.8281781587020276,0.948685,19071.8,3165.16,481.896,1586.86,89493.3,82859.0,1247080.0,113799
2740,0.8275477917094906,0.948017,12687.7,3321.98,523.837,1760.27,95645.2,82727.0,1249500.0,113939
2750,0.8269217353003371,0.952109,19388.8,3258.44,523.333,1683.17,89798.2,83695.0,1251910.0,114652
2760,0.8262999449732314,0.946357,13149.7,3393.82,537.228,1692.02,95406.3,82915.2,1254320.0,114179
2770,0.8256823768423233,0.954448,20071.0,3355.7,511.681,1782.33,89656.3,83834.8,1256740.0,115377
2780,0.8250689876265715,0.953923,13806.7,3394.2,485.814,1729.91,96118.4,84109.2,1259150.0,115535
2790,0.8244597346392901,0.952146,20136.8,3443.16,546.137,1804.47,89610.5,84120.2,1261570.0,115541
2800,0.8238545757779123,0.946076,14409.8,3335.95,539.804,1888.16,94850.3,83530.8,1263980.0,115024
2810,0.8232534695139665,0.954903,20717.9,3544.69,477.78,1778.3,89800.3,84563.2,1266400.0,116319
2820,0.8226563748832589,0.950554,15000.0,3363.76,534.233,1881.53,95230.5,84682.2,1268810.0,116010
2830,0.8220632514762577,0.948454,20718.4,3489.24,523.675,1804.58,89438.1,84481.2,1271230.0,115974
2840,0.8214740594286751,0.948974,15594.8,3472.3,550.575,1806.51,94833.8,84501.5,1273640.0,116258
2850,0.8208887594122412,0.944938,20977.6,3621.89,539.035,1850.36,88994.2,84356.0,1276060.0,115983
2860,0.8203073126256648,0.953692,23702.6,3607.69,561.346,1857.11,87550.3,85355.8,1278470.0,117279
2870,0.8197296807857795,0.945336,21353.7,3606.89,541.635,1866.88,89101.9,84621.2,1280880.0,116471
2880,0.8191558261188665,0.942934,23591.8,3691.7,575.993,1941.1,86593.5,84523.2,1283300.0,116394
2890,0.8185857113521543,0.947729,21305.9,3719.09,536.331,2018.26,89626.4,85452.0,1285710.0,117206
2900,0.8180192997054863,0.951853,17026.6,3750.21,560.19,1963.48,94636.5,85953.5,1288130.0,117937
2910,0.8174565548831579,0.952673,10579.0,3781.98,622.381,1976.58,101300.0,86163.5,1290540.0,118260
2920,0.8168974410659139,0.951634,17301.6,3901.17,553.56,2044.23,94551.4,86004.5,1292960.0,118352
2930,0.8163419229031071,0.94551,11169.7,3757.05,596.279,2043.03,100244.0,85670.2,1295370.0,117810
2940,0.8157899655050094,0.949664,17835.0,3751.15,560.274,1962.46,94439.1,86434.5,1297790.0,118548
2950,0.815241534435277,0.944621,11599.0,3768.91,559.495,2082.61,100128.0,86026.0,1300200.0,118138
2960,0.8146965957035628,0.949894,18138.6,3923.98,624.884,1957.27,94373.3,86801.2,1302620.0,119018
2970,0.8141551157582728,0.95051,22176.8,3905.26,593.427,2054.52,90586.0,87198.2,1305030.0,119316
2980,0.8136170614794659,0.953137,18824.0,4010.35,591.553,2106.67,94334.4,87052.0,1307440.0,119867
2990,0.8130824001718894,0.948078,22618.9,3929.73,590.413,2123.56,90188.4,86902.2,1309860.0,119451
3000,0.8125510995581514,0.953107,19192.9,4077.31,596.935,2173.63,94265.3,87393.8,1312270.0,120306
3010,0.8120231277720251,0.949466,22531.3,4072.24,624.718,2230.92,90607.8,87520.8,1314690.0,120067
3020,0.8114984533518811,0.947142,19153.2,4074.1,587.299,2192.33,93986.1,87655.0,1317100.0,119993
3030,0.8109770452342461,0.948718,22710.2,4124.08,655.263,2265.43,90658.0,87537.2,1319520.0,120413
3040,0.8104588727474864,0.948629,19393.2,4166.46,655.495,2165.35,94241.5,88171.0,1321930.0,120622
3050,0.8099439056056097,0.954043,22936.8,4355.63,589.622,2218.41,91431.6,88575.2,1324350.0,121532
3060,0.8094321139021861,0.950207,8582.09,4222.91,687.74,2202.3,105569.0,88347.8,1326760.0,121264
3070,0.8089234681043841,0.951335,14712.0,4313.7,642.697,2298.73,99661.8,88707.5,1329180.0,121629
3080,0.8084179390471191,0.948533,9094.96,4235.26,638.679,2302.25,105220.0,88708.2,1331590.0,121491
3090,0.8079154979273128,0.951702,15264.3,4309.78,594.206,2261.8,99687.9,89138.8,1334000.0,122118
3100,0.8074161162982582,0.950505,20332.9,4353.91,674.488,2283.67,94540.1,89344.8,1336420.0,122185
3110,0.8069197660640935,0.951959,15614.7,4537.28,613.77,2365.93,99461.3,89504.2,1338830.0,122593
3120,0.8064264194743762,0.947734,20909.9,4455.1,652.765,2306.23,93945.0,89083.0,1341250.0,122269
3130,0.805936049118759,0.949428,16147.1,4512.69,669.669,2452.08,98926.5,89247.2,1343660.0,122708
3140,0.8054486279217649,0.948805,20902.1,4454.78,624.735,2363.37,94503.1,89853.2,1346080.0,122848
3150,0.8049641291376576,0.952272,16756.8,4567.4,666.966,2454.29,99072.5,89914.2,1348490.0,123518
3160,0.8044825263454076,0.948862,21273.7,4610.91,640.822,2422.99,94347.6,89902.8,1350900.0,123296
3170,0.8040037934437511,0.948429,17215.9,4568.17,678.803,2439.01,98558.2,89859.5,1353320.0,123460
3180,0.8035279046463363,0.954546,21277.0,4623.46,708.318,2473.32,95395.9,90945.5,1355730.0,124478
3190,0.8030548344769624,0.955414,17459.7,4640.26,688.805,2470.15,99554.1,91283.2,1358150.0,124813
3200,0.8025845577649018,0.948185,21413.8,4604.46,624.732,2549.21,94896.8,90766.2,1360560.0,124089
3210,0.8021170496403097,0.947147,17753.0,4687.46,696.267,2368.82,98667.4,90840.8,1362980.0,124173
3220,0.8016522855297145,0.955956,22099.8,4688.71,684.147,2566.64,95510.7,91535.0,1365390.0,125550
3230,0.8011902411515907,0.952339,18243.0,4712.19,690.657,2546.88,99103.2,91535.5,1367810.0,125296
3240,0.8007308925120105,0.950068,13071.0,4774.84,735.796,2508.32,104128.0,91197.8,1370220.0,125218
3250,0.8002742159003746,0.948147,18571.2,4877.61,729.764,2640.0,98366.4,91212.0,1372640.0,125185
3260,0.7998201878852179,0.948773,13282.2,4814.32,725.69,2667.36,103998.0,91570.5,1375050.0,125488
3270,0.7993687853100908,0.947873,18997.7,4797.33,724.72,2663.67,98405.6,91534.5,1377460.0,125589
3280,0.7989199852895118,0.958419,13819.0,5051.66,751.628,2666.56,104920.0,92930.5,1379880.0,127209
3290,0.7984737652049942,0.949788,19131.6,4959.25,664.923,2683.62,98844.6,92245.0,1382290.0,126284
3300,0.7980301027011417,0.952434,14176.8,4941.34,748.271,2699.82,104291.0,92819.2,1384710.0,126857
3310,0.7975889756818115,0.951878,19322.0,5027.01,713.445,2700.86,99240.6,92959.2,1387120.0,127004
3320,0.7971503623063467,0.952207,14824.0,5129.38,731.627,2655.47,103929.0,92838.5,1389540.0,127269
3330,0.7967142409858733,0.948404,19740.2,5020.25,728.308,2838.95,98653.3,92589.0,1391950.0,126981
3340,0.796280590379662,0.953725,22531.8,5209.48,750.64,2749.7,96673.4,93469.5,1394370.0,127915
3350,0.7958493893915533,0.949271,20253.0,5109.27,779.41,2853.3,98543.0,92852.8,1396780.0,127538
3360,0.7954206171664443,0.955828,22725.9,5201.69,780.676,2816.45,97116.3,94095.5,1399200.0,128641
3370,0.7949942530868362,0.952602,20438.9,5207.4,773.532,2842.96,99165.2,93700.2,1401610.0,128428
3380,0.7945702767694421,0.95554,23180.7,5273.63,775.726,2853.2,96962.8,94023.8,1404020.0,129046
3390,0.7941486680618509,0.95418,10803.8,5292.28,791.758,2806.55,109390.0,94549.5,1406440.0,129084
3400,0.7937294070392514,0.949025,16347.3,5289.35,781.278,2745.08,103444.0,94165.5,1408850.0,128607
3410,0.7933124740012091,0.951505,11102.0,5306.17,792.033,2896.46,109067.0,94703.5,1411270.0,129164
3420,0.7928978494685004,0.954762,16989.9,5365.06,857.093,3000.37,103616.0,94652.2,1413680.0,129828
3430,0.7924855141799987,0.956629,11683.8,5400.15,745.03,2981.78,109493.0,95485.2,1416100.0,130304
3440,0.7920754490896145,0.954737,17113.2,5446.84,817.335,3092.07,103799.0,95181.5,1418510.0,130268
3450,0.7916676353632862,0.955771,12139.1,5394.96,789.11,2995.82,109312.0,95706.2,1420920.0,130631
3460,0.7912620543760228,0.953134,17431.0,5669.52,808.317,3014.98,103568.0,95321.5,1423340.0,130492
3470,0.7908586877089937,0.952235,21382.0,5541.51,826.683,2933.63,99906.2,95492.5,1425750.0,130590
3480,0.7904575171466701,0.958028,18027.6,5653.87,812.706,3011.29,104102.0,96145.8,1428170.0,131607
3490,0.7900585246740126,0.954776,21777.6,5597.05,827.842,3178.15,100001.0,95707.0,1430580.0,131382
3500,0.7896616924737048,0.954938,18222.3,5666.22,837.125,3077.18,103823.0,95976.8,1433000.0,131626
3510,0.7892670029234348,0.959538,21718.3,5730.54,816.93,3186.19,101031.0,96921.5,1435410.0,132483
3520,0.7888744385932195,0.954876,18422.9,5674.29,810.664,3167.13,103986.0,96592.5,1437830.0,132061
3530,0.7884839822427758,0.954856,21981.9,5686.38,831.448,3167.83,100612.0,96628.0,1440240.0,132280
3540,0.7880956168189307,0.956429,18881.1,5837.75,854.449,3228.45,103918.0,96821.5,1442660.0,132720
3550,0.7877093254530785,0.958643,22015.2,5846.94,882.694,3152.23,101353.0,97483.8,1445070.0,133250
3560,0.7873250914586769,0.952247,9444.36,5744.43,832.599,3207.23,113353.0,97204.5,1447480.0,132582
3570,0.7869428983287844,0.953672,14570.1,5916.64,838.252,3192.29,108485.0,97326.5,1449900.0,133002
3580,0.7865627297336379,0.96014,19403.9,5861.39,840.295,3216.96,104804.0,98274.2,1452310.0,134127
3590,0.7861845695182699,0.961205,15129.0,5982.82,923.695,3359.87,109104.0,98323.2,1454730.0,134499
3600,0.7858084017001633,0.957158,19799.1,5976.87,848.044,3298.77,104232.0,97962.2,1457140.0,134155
3610,0.7854342104669452,0.958509,15465.0,6056.52,847.978,3287.63,108910.0,98468.0,1459560.0,134567
3620,0.7850619801741165,0.95475,19788.1,5923.92,901.146,3130.78,104517.0,98464.0,1461970.0,134261
3630,0.7846916953428198,0.956001,15993.2,5927.45,899.105,3287.54,108552.0,98578.5,1464390.0,134659
3640,0.7843233406576401,0.962168,20147.1,5910.6,866.654,3383.25,105443.0,99689.8,1466800.0,135751
3650,0.7839569009644435,0.955484,15923.3,6121.32,863.435,3386.89,108735.0,99132.0,1469220.0,135030
3660,0.7835923612682489,0.955937,20196.8,6361.51,911.236,3352.35,104494.0,98987.2,1471630.0,135316
3670,0.7832297067311337,0.962059,16480.3,6210.33,922.603,3560.17,109233.0,99674.0,1474040.0,136406
3680,0.7828689226701712,0.963105,20754.3,6385.22,917.826,3433.8,105287.0,100008.0,1476460.0,136778
3690,0.7825099945554037,0.959958,17088.8,6335.82,878.493,3499.25,108752.0,99709.2,1478870.0,136554
3700,0.7821529080078445,0.961573,20916.1,6315.34,819.73,3460.95,105495.0,100333.0,1481290.0,137007
3710,0.7817976487975131,0.961591,23035.0,6250.89,903.15,3578.76,103465.0,100546.0,1483700.0,137233
3720,0.7814442028415,0.962863,20820.1,6333.87,949.749,3511.34,106023.0,101048.0,1486120.0,137638
3730,0.781092556202062,0.956747,17420.1,6205.65,965.402,3586.04,108809.0,100473.0,1488530.0,136986
3740,0.7807426950847477,0.958977,13357.3,6316.86,881.62,3471.0,113501.0,100730.0,1490940.0,137528
3750,0.7803946058365517,0.960642,17890.9,6574.95,965.525,3555.2,109003.0,100860.0,1493360.0,137990
3760,0.7800482749440973,0.961712,13552.9,6555.66,930.235,3468.41,113860.0,101434.0,1495770.0,138367
3770,0.7797036890318474,0.954028,18320.2,6386.4,951.23,3584.19,108241.0,100478.0,1498190.0,137483
3780,0.7793608348603426,0.96231,13917.8,6613.28,970.567,3669.92,113728.0,101729.0,1500600.0,138900
3790,0.779019699324467,0.956531,18332.9,6547.11,959.576,3500.29,108948.0,101587.0,1503020.0,138288
3800,0.7786802694517402,0.961703,14446.2,6587.12,1020.22,3747.16,113458.0,101865.0,1505430.0,139259
3810,0.7783425324006352,0.955515,18766.7,6471.23,961.738,3581.05,108804.0,101727.0,1507850.0,138585
3820,0.7780064754589232,0.964148,14483.1,6708.78,946.731,3658.99,114263.0,103062.0,1510260.0,140061
3830,0.7776720860420405,0.964128,19272.1,6772.29,948.564,3731.07,109558.0,102738.0,1512680.0,140282
3840,0.7773393516914845,0.961741,21857.9,6782.7,944.602,3685.28,106887.0,102952.0,1515090.0,140158
3850,0.7770082600732298,0.962581,19116.8,6704.12,940.054,3795.59,109947.0,103275.0,1517500.0,140504
3860,0.7766787989761714,0.965943,22256.7,6852.47,989.532,3750.37,107370.0,103612.0,1519920.0,141219
3870,0.7763509563105896,0.957684,19724.0,6814.78,989.47,3775.46,108930.0,102522.0,1522330.0,140234
3880,0.7760247201066373,0.961342,22253.3,6801.8,1008.82,3758.67,107170.0,103495.0,1524750.0,140993
3890,0.7757000785128523,0.963724,11441.9,6845.34,995.966,3726.5,118556.0,104076.0,1527160.0,141566
3900,0.7753770197946905,0.96155,15923.2,7035.32,966.038,3872.93,113672.0,103662.0,1529580.0,141470
3910,0.7750555323330794,0.960075,20004.0,6925.23,993.547,3834.24,109719.0,103806.0,1531990.0,141476
3920,0.7747356046229965,0.963686,16454.9,6990.77,967.634,3931.17,113888.0,104414.0,1534410.0,142232
3930,0.7744172252720655,0.960765,20037.1,7012.9,1024.67,3864.08,110085.0,104473.0,1536820.0,142024
3940,0.7741003829991748,0.965357,16918.3,6993.17,972.388,3969.0,114074.0,104794.0,1539240.0,142927
3950,0.7737850666331169,0.963933,20334.1,7125.58,995.671,3903.3,110581.0,105154.0,1541650.0,142940
3960,0.7734712651112468,0.96089,16946.1,7142.86,985.842,3989.68,113648.0,104818.0,1544060.0,142712
3970,0.7731589674781594,0.965501,12902.1,7261.38,1001.87,3934.22,118521.0,105470.0,1546480.0,143621
3980,0.7728481628843891,0.96121,17212.2,7323.83,1008.51,4000.73,113661.0,105160.0,1548890.0,143206
3990,0.7725388405851241,0.96141,13013.9,7263.1,1081.39,4000.13,118100.0,105473.0,1551310.0,143459
4000,0.7722309899389447,0.962572,17554.0,7149.41,1041.91,3928.28,114182.0,105783.0,1553720.0,143856
4010,0.7719246004065737,0.965428,13814.1,7245.73,1046.09,4092.05,118309.0,105868.0,1556140.0,144507
4020,0.7716196615496519,0.961484,22864.5,7366.42,1064.4,4172.81,108672.0,105852.0,1558550.0,144140
4030,0.7713161630295242,0.966797,7007.29,7278.26,1141.7,4127.51,125606.0,106525.0,1560960.0,145161
4040,0.771014094606049,0.962311,18107.1,7456.6,1080.53,4122.39,113944.0,106247.0,1563380.0,144711
4050,0.770713446136421,0.965376,14382.1,7378.6,1002.94,4183.66,118449.0,106933.0,1565790.0,145396
4060,0.7704142075740131,0.961112,23178.0,7473.98,1010.49,4189.05,109125.0,106408.0,1568210.0,144977
4070,0.770116368967234,0.967664,7365.9,7536.8,1049.33,4332.75,125905.0,107222.0,1570620.0,146190
4080,0.7698199204584014,0.965385,18941.2,7541.08,1058.05,4350.23,114179.0,107010.0,1573040.0,146070
4090,0.7695248522826321,0.966024,15232.0,7624.91,1051.04,4217.38,118266.0,107546.0,1575450.0,146391
4100,0.769231154766749,0.971543,24700.4,7731.07,1117.65,4262.01,109642.0,108107.0,1577870.0,147453
4110,0.7689388183282,0.962671,23082.1,7434.26,1119.15,4268.23,110426.0,108000.0,1580280.0,146330
4120,0.7686478334739975,0.964893,21732.2,7575.15,1081.83,4365.27,112138.0,108185.0,1582700.0,146892
4130,0.7683581907996666,0.971996,19190.1,7844.16,1107.73,4493.93,115563.0,108748.0,1585110.0,148199
4140,0.7680698809882139,0.97002,15399.3,7620.44,1113.77,4307.14,119682.0,108988.0,1587520.0,148123
4150,0.7677828948091074,0.967422,22696.1,7669.22,1086.02,4424.24,112075.0,108874.0,1589940.0,147951
4160,0.767497223117271,0.966177,8144.89,7708.65,1127.71,4510.38,126493.0,108613.0,1592350.0,147985
4170,0.7672128568520943,0.968809,18575.0,7835.66,1083.11,4319.62,116800.0,109200.0,1594770.0,148613
4180,0.7669297870364551,0.975454,15201.1,7940.96,1060.52,4382.19,121274.0,110304.0,1597180.0,149859
4190,0.766648004775756,0.968886,22239.3,7939.55,1036.75,4384.32,113475.0,109526.0,1599600.0,149075
4200,0.766367501256974,0.970586,20433.2,7901.67,1166.42,4439.02,115622.0,110110.0,1602010.0,149562
4210,0.7660882677477235,0.967979,18130.0,7902.83,1197.37,4568.53,117586.0,109820.0,1604430.0,149385
4220,0.7658102955953331,0.969973,15385.9,8119.5,1130.58,4512.6,120769.0,109934.0,1606840.0,149918
4230,0.7655335762259325,0.965417,21549.1,7943.38,1157.31,4460.9,114327.0,110094.0,1609260.0,149438
4240,0.7652581011435553,0.970569,20191.4,7992.88,1151.19,4425.26,116700.0,110688.0,1611670.0,150461
4250,0.7649838619292513,0.969382,18257.8,7875.53,1210.76,4470.19,118688.0,110778.0,1614080.0,150502
4260,0.7647108502402127,0.974089,15345.0,7967.46,1172.45,4569.81,122404.0,111825.0,1616500.0,151459
4270,0.7644390578089116,0.969489,21262.0,8040.2,1143.65,4433.87,116089.0,111422.0,1618910.0,150969
4280,0.7641684764422491,0.968687,20105.3,8273.01,1101.26,4567.56,117022.0,111002.0,1621330.0,151069
4290,0.7638990980207161,0.968463,18047.2,8227.99,1159.21,4569.06,119256.0,111376.0,1623740.0,151259
4300,0.7636309144975658,0.972108,15487.1,8105.01,1237.28,4587.84,122637.0,111988.0,1626160.0,152054
4310,0.7633639178979966,0.97207,12395.1,8246.64,1114.8,4627.63,125890.0,111909.0,1628570.0,152274
4320,0.7630981003183467,0.969025,19972.0,8135.17,1140.82,4614.57,118159.0,112205.0,1630980.0,152022
4330,0.7628334539252996,0.975479,18228.2,8451.45,1159.82,4742.95,120679.0,112622.0,1633400.0,153261
4340,0.7625699709550993,0.972012,15638.2,8401.41,1208.53,4680.74,123013.0,112434.0,1635810.0,152942
4350,0.7623076437127781,0.968447,12505.3,8297.35,1192.88,4793.81,125817.0,112489.0,1638230.0,152606
4360,0.7620464645713912,0.968105,19927.1,8413.63,1144.86,4750.93,118540.0,112374.0,1640640.0,152777
4370,0.7617864259712659,0.97537,18112.4,8329.58,1173.4,4820.46,121714.0,113636.0,1643060.0,154150
4380,0.7615275204192566,0.977837,15803.1,8534.96,1203.18,4802.12,124424.0,114018.0,1645470.0,154767
4390,0.7612697404880133,0.973243,13062.6,8352.98,1223.71,4791.87,126835.0,113821.0,1647890.0,154266
4400,0.7610130788152568,0.975669,19909.0,8575.96,1159.24,4865.31,120367.0,114072.0,1650300.0,154877
4410,0.7607575281030651,0.974231,18397.3,8516.82,1263.77,4907.29,121790.0,113954.0,1652720.0,154875
4420,0.7605030811171692,0.976867,16002.9,8681.88,1214.2,4945.62,124676.0,114580.0,1655130.0,155521
4430,0.760249730686258,0.975827,13629.2,8704.15,1195.94,4913.91,127139.0,114138.0,1657540.0,155582
4440,0.7599974697012915,0.976193,20035.3,8455.49,1268.44,4877.34,121230.0,114981.0,1659960.0,155867
4450,0.7597462911148241,0.973092,18249.1,8727.01,1199.09,4898.9,122524.0,114763.0,1662370.0,155598
4460,0.7594961879403361,0.976564,21837.3,8596.96,1189.92,5007.17,119749.0,115606.0,1664790.0,156380
4470,0.7592471532515747,0.973023,13483.3,8713.1,1207.99,4993.93,127641.0,115037.0,1667200.0,156039
4480,0.7589991801819019,0.972868,10792.2,8878.67,1183.08,4903.78,130482.0,114866.0,1669620.0,156240
4490,0.7587522619236533,0.975057,18331.0,8782.3,1260.23,5077.62,123367.0,115659.0,1672030.0,156818
4500,0.7585063917275027,0.974291,16350.4,8962.23,1228.1,4986.06,125394.0,115682.0,1674450.0,156921
4510,0.7582615629018367,0.979565,13781.3,8861.74,1291.15,5010.01,129054.0,116632.0,1676860.0,157998
4520,0.7580177688121362,0.9775,11130.3,8887.45,1264.37,5180.18,131430.0,116378.0,1679280.0,157892
4530,0.7577750028803677,0.975905,18422.1,8920.93,1156.11,5064.61,124297.0,116654.0,1681690.0,157861
4540,0.757533258584379,0.981241,16723.8,8991.8,1290.28,5212.29,126734.0,117072.0,1684100.0,158952
4550,0.7572925294573072,0.978548,14255.0,8967.78,1236.83,5240.33,129043.0,116908.0,1686520.0,158743
4560,0.7570528090869894,0.976663,11294.2,8794.56,1243.04,5133.88,132198.0,117596.0,1688930.0,158664
4570,0.7568140911153853,0.976067,18576.1,9160.18,1259.92,5262.0,124536.0,117008.0,1691350.0,158794
4580,0.7565763692380041,0.976683,16877.6,9027.32,1247.89,5104.14,126864.0,117374.0,1693760.0,159121
4590,0.7563396372033397,0.980478,21095.1,8973.03,1315.37,5275.47,123308.0,118177.0,1696180.0,159967
4600,0.7561038888123142,0.979385,11918.1,9029.67,1263.5,5162.37,132642.0,118218.0,1698590.0,160016
4610,0.7558691179177259,0.97624,18910.1,9082.81,1273.05,5302.47,125161.0,117726.0,1701010.0,159729
4620,0.7556353184237068,0.979239,17027.0,9183.88,1264.63,5388.78,127583.0,118406.0,1703420.0,160447
4630,0.7554024842851854,0.982685,14975.2,9223.95,1273.09,5363.41,130404.0,118898.0,1705840.0,161240
4640,0.7551706095073568,0.97927,12228.1,9101.35,1296.59,5323.89,132957.0,118935.0,1708250.0,160907
4650,0.7549396881451591,0.983224,9567.46,9293.28,1273.68,5389.96,136261.0,119520.0,1710660.0,161785
4660,0.7547097143027574,0.98364,17228.3,9397.95,1313.16,5440.47,128702.0,119574.0,1713080.0,162082
4670,0.754480682133032,0.981886,15319.2,9276.08,1355.6,5443.81,130626.0,119326.0,1715490.0,162021
4680,0.7542525858370757,0.981426,12709.1,9402.62,1247.92,5377.98,133435.0,119711.0,1717910.0,162173
4690,0.7540254196636959,0.981481,9888.33,9361.77,1273.16,5566.24,136321.0,120104.0,1720320.0,162410
4700,0.7537991779089218,0.97681,17309.0,9276.37,1319.79,5365.53,128593.0,119662.0,1722740.0,161864
4710,0.7535738549155212,0.982585,15469.1,9570.47,1222.26,5407.5,131380.0,120448.0,1725150.0,163049
4720,0.7533494450725186,0.984136,20461.9,9354.71,1267.76,5381.13,127070.0,121293.0,1727560.0,163535
4730,0.7531259428147228,0.978357,10234.2,9424.87,1376.35,5517.58,136249.0,120534.0,1729980.0,162802
4740,0.7529033426222597,0.984609,17434.0,9420.66,1396.08,5571.36,130249.0,121591.0,1732390.0,164071
4750,0.7526816390201092,0.981028,15610.0,9670.19,1351.79,5563.06,131507.0,120940.0,1734810.0,163702
4760,0.7524608265776491,0.985211,20498.3,9636.19,1321.88,5537.32,127635.0,121761.0,1737220.0,164629
4770,0.7522408999082051,0.980952,10777.3,9554.86,1350.88,5515.79,136946.0,121556.0,1739640.0,164145
4780,0.7520218536686045,0.983519,17816.1,9689.41,1285.32,5620.32,130392.0,121814.0,1742050.0,164803
4790,0.7518036825587371,0.984422,15860.5,9577.55,1401.9,5756.88,132586.0,122289.0,1744470.0,165183
4800,0.7515863813211202,0.983722,13506.0,9512.93,1362.9,5612.61,135300.0,122692.0,1746880.0,165294
4810,0.7513699447404696,0.987791,11167.3,9672.51,1326.69,5797.22,138243.0,122928.0,1749300.0,166207
4820,0.7511543676432757,0.983693,8767.46,9811.03,1364.88,5845.23,139957.0,122556.0,1751710.0,165746
4830,0.7509396448973843,0.984982,16000.2,9848.31,1336.61,5662.43,133344.0,123126.0,1754120.0,166192
4840,0.7507257714115826,0.990725,13978.3,9922.2,1407.28,5858.97,136224.0,123711.0,1756540.0,167391
4850,0.750512742135191,0.990967,19565.0,9755.26,1427.48,5753.23,131161.0,124166.0,1758950.0,167662
4860,0.7503005520576582,0.986556,9144.17,10017.1,1369.67,5836.47,140778.0,123609.0,1761370.0,167145
4870,0.7500891962081625,0.986055,16343.2,9903.05,1471.46,5882.68,133689.0,123845.0,1763780.0,167289
4880,0.7498786696552174,0.983588,14077.0,9792.9,1441.98,5777.33,136010.0,123934.0,1766200.0,167099
4890,0.7496689675062823,0.988618,19591.3,9995.36,1329.68,5829.82,131437.0,124778.0,1768610.0,168183
4900,0.7494600849073765,0.983777,9165.13,9906.98,1409.98,5876.4,141230.0,124465.0,1771030.0,167588
4910,0.7492520170426994,0.985979,16494.8,10030.2,1413.47,5866.35,134387.0,124542.0,1773440.0,168192
4920,0.7490447591342545,0.984808,14191.1,9919.91,1411.16,5870.23,136829.0,124757.0,1775860.0,168221
4930,0.7488383064414775,0.985727,19614.1,10099.8,1389.45,5982.93,131521.0,124939.0,1778270.0,168607
4940,0.7486326542608702,0.984963,9714.86,10093.1,1427.74,5995.29,141474.0,125012.0,1780680.0,168705
4950,0.7484277979256361,0.989535,16811.1,10184.3,1381.76,6007.77,135333.0,125827.0,1783100.0,169718
4960,0.748223732805323,0.993519,14814.1,10252.2,1383.24,6129.68,138053.0,126550.0,1785510.0,170632
4970,0.7480204543054684,0.987933,12441.3,10121.7,1471.66,6043.6,139824.0,125841.0,1787930.0,169902
4980,0.7478179578672496,0.991304,18223.6,10081.0,1444.05,6022.38,134941.0,126923.0,1790340.0,170712
4990,0.7476162389671369,0.99208,8029.3,10187.1,1357.59,6010.13,145492.0,127088.0,1792760.0,171076
5000,0.7474152931165522,0.99023,14824.1,10365.1,1437.6,6052.31,138308.0,127007.0,1795170.0,170987
5010,0.7472151158615306,0.988142,12802.3,10232.5,1430.65,6123.28,140267.0,126768.0,1797580.0,170856
5020,0.7470157027823864,0.991431,18424.0,10182.2,1351.43,6028.67,135669.0,127787.0,1800000.0,171655
5030,0.7468170494933828,0.991182,8325.88,10297.3,1403.05,6150.54,145665.0,127499.0,1802410.0,171842
5040,0.7466191516424053,0.989586,15047.6,10447.0,1376.28,6212.13,138712.0,127442.0,1804830.0,171795
5050,0.7464220049106396,0.989977,12886.3,10281.1,1407.38,6283.55,141235.0,128120.0,1807240.0,172093
5060,0.7462256050122517,0.991167,18791.3,10348.8,1422.57,6280.51,135687.0,128094.0,1809660.0,172530
5070,0.746029947694074,0.991757,17112.2,10530.2,1478.11,6034.03,137708.0,128584.0,1812070.0,172863
5080,0.7458350287352916,0.991056,15386.2,10350.0,1484.68,6204.09,139546.0,128496.0,1814490.0,172971
5090,0.7456408439471364,0.988549,13224.2,10523.3,1404.43,6318.36,141293.0,128284.0,1816900.0,172763
5100,0.7454473891725812,0.995654,19062.1,10476.5,1464.47,6291.34,136942.0,129418.0,1819320.0,174236
5110,0.745254660286039,0.991133,17316.2,10530.1,1460.42,6240.33,138128.0,129100.0,1821730.0,173675
5120,0.7450626531930653,0.995458,15666.1,10507.9,1452.31,6422.64,140615.0,129950.0,1824140.0,174664
5130,0.7448713638300638,0.990027,13587.0,10512.5,1475.37,6490.9,141875.0,129086.0,1826560.0,173941
5140,0.7446807881639953,0.998201,11680.0,10614.9,1486.56,6488.58,145339.0,130330.0,1828970.0,175609
5150,0.7444909221920912,0.995131,17525.4,10508.9,1527.21,6537.77,139201.0,130256.0,1831390.0,175300
5160,0.744301761941567,0.995391,7255.33,10693.0,1482.35,6426.27,149720.0,130641.0,1833800.0,175577
5170,0.7441133034693431,0.995209,13779.1,10603.5,1537.72,6344.41,143511.0,131072.0,1836220.0,175776
5180,0.7439255428617657,0.993014,11841.4,10670.7,1482.09,6540.67,145084.0,130485.0,1838630.0,175619
5190,0.7437384762343326,0.993028,17405.2,10827.8,1442.28,6494.13,139683.0,130981.0,1841050.0,175852
5200,0.7435520997314203,0.995833,16085.0,10726.9,1523.13,6620.12,141625.0,131240.0,1843460.0,176580
5210,0.7433664095260171,0.994727,14157.3,10709.2,1485.64,6459.79,143803.0,131498.0,1845880.0,176615
5220,0.7431814018194551,0.992342,12075.2,10643.7,1434.5,6676.94,145592.0,131045.0,1848290.0,176422
5230,0.7429970728411495,0.996069,17829.7,10822.4,1490.51,6563.71,140610.0,131899.0,1850700.0,177316
5240,0.7428134188483373,1.00003,16243.3,11133.9,1482.07,6583.65,142810.0,132510.0,1853120.0,178253
5250,0.742630436125821,0.997343,14245.4,10888.3,1464.71,6504.0,144904.0,132922.0,1855530.0,178006
5260,0.7424481209857148,0.998123,12273.0,10985.2,1474.66,6685.49,146959.0,132796.0,1857950.0,178377
5270,0.7422664697671919,1.00205,17959.3,11100.3,1513.25,6651.69,142087.0,133504.0,1860360.0,179312
5280,0.7420854788362377,0.994693,16467.9,10878.4,1514.62,6744.93,142620.0,132625.0,1862780.0,178226
5290,0.7419051445854028,1.00226,14712.2,11201.7,1551.07,6613.45,145737.0,134024.0,1865190.0,179815
5300,0.7417254634335606,0.995327,12655.3,10933.3,1590.9,6757.09,146865.0,133136.0,1867600.0,178802
5310,0.7415464318256665,0.996916,10515.3,11114.1,1582.31,6826.6,149281.0,133536.0,1870020.0,179319
5320,0.7413680462325207,0.99426,16581.0,11089.5,1508.87,6601.78,143291.0,133568.0,1872430.0,179072
5330,0.7411903031505319,0.999711,14793.9,11246.5,1563.65,6743.3,145939.0,134527.0,1874850.0,180286
5340,0.7410131991014862,1.00027,13087.6,11051.4,1553.01,6800.27,148128.0,134321.0,1877260.0,180620
5350,0.7408367306323158,1.00137,10773.0,11057.8,1549.61,6943.42,150726.0,135004.0,1879680.0,181050
5360,0.740660894314872,0.99825,16755.4,11132.0,1541.8,6835.1,144454.0,134730.0,1882090.0,180718
5370,0.7404856867457006,0.999299,14941.1,11440.7,1549.27,6824.26,146385.0,135194.0,1884510.0,181140
5380,0.7403111045458176,1.00183,13109.3,11374.0,1597.03,6867.7,148883.0,135664.0,1886920.0,181831
5390,0.7401371443604913,1.00572,11271.2,11364.2,1460.68,6931.31,151744.0,136278.0,1889340.0,182771
5400,0.7399638028590223,1.0021,16944.3,11438.4,1536.15,6974.91,145452.0,135756.0,1891750.0,182346
5410,0.7397910767345298,1.00098,15339.1,11354.8,1532.06,7016.43,147133.0,136127.0,1894160.0,182375
5420,0.7396189627037372,1.00433,13371.4,11529.9,1563.55,6968.79,149785.0,136761.0,1896580.0,183219
5430,0.7394474575067612,0.998448,11500.4,11282.1,1524.34,6931.97,151138.0,136139.0,1898990.0,182377
5440,0.7392765579069045,1.00115,17092.3,11318.8,1528.98,7021.2,146142.0,136860.0,1901410.0,183103
5450,0.7391062606904477,1.00238,15648.2,11461.7,1583.34,6986.2,147882.0,136846.0,1903820.0,183561
5460,0.7389365626664465,1.00499,13764.2,11475.5,1561.93,6979.33,150491.0,137640.0,1906240.0,184272
5470,0.7387674606665289,1.00443,11804.9,11606.0,1569.98,7077.69,152343.0,137567.0,1908650.0,184402
5480,0.7385989515446958,1.00144,9706.1,11490.3,1557.37,7126.09,154206.0,137502.0,1911070.0,184086
5490,0.7384310321771224,0.998289,15565.3,11604.8,1490.1,7148.57,147930.0,137230.0,1913480.0,183739
5500,0.7382636994619644,1.00654,13901.4,11713.3,1564.76,7302.45,151009.0,138444.0,1915900.0,185491
5510,0.7380969503191626,1.00437,12002.0,11554.1,1530.42,7109.79,153129.0,138617.0,1918310.0,185325
5520,0.737930781690252,1.00507,9988.22,11692.9,1533.32,7159.32,155313.0,138951.0,1920720.0,185687
5530,0.7377651905381727,0.999995,15869.1,11629.4,1565.92,7174.38,148743.0,138382.0,1923140.0,184982
5540,0.7376001738470825,1.00436,14294.3,11837.6,1542.35,7208.76,151139.0,138756.0,1925550.0,186022
5550,0.7374357286221704,1.00774,12312.3,11747.9,1569.61,7339.4,153913.0,139636.0,1927970.0,186882
5560,0.7372718518894741,1.00608,10349.3,11861.1,1479.06,7197.58,155921.0,139903.0,1930380.0,186808
5570,0.7371085406956976,1.00638,16026.0,11741.9,1591.85,7206.31,150533.0,139996.0,1932800.0,187099
5580,0.7369457921080325,1.00725,14287.4,11818.8,1517.67,7339.34,152531.0,140459.0,1935210.0,187494
5590,0.7367836032139785,1.0072,19045.1,11831.1,1517.99,7464.33,147860.0,140261.0,1937620.0,187719
5600,0.7366219711211691,1.00714,10494.1,11769.9,1638.45,7332.55,156706.0,141075.0,1940040.0,187941
5610,0.7364608929571965,1.0089,16167.3,11845.7,1654.3,7315.67,151520.0,141151.0,1942450.0,188503
5620,0.7363003658694393,1.00822,14495.4,11683.6,1589.94,7411.57,153430.0,141540.0,1944870.0,188611
5630,0.736140387024892,1.00527,12697.3,11698.1,1640.69,7472.64,154783.0,141131.0,1947280.0,188292
5640,0.7359809536099967,1.00922,10826.2,11967.7,1613.98,7435.79,157423.0,141774.0,1949700.0,189267
5650,0.7358220628304749,1.01037,9202.12,11995.5,1596.96,7596.83,159326.0,141746.0,1952110.0,189717
5660,0.7356637119111633,1.0136,14642.8,12039.3,1694.21,7551.62,154632.0,143029.0,1954530.0,190560
5670,0.7355058980958495,1.00836,13070.3,11857.7,1676.7,7537.14,155666.0,142268.0,1956940.0,189808
5680,0.7353486186471103,1.01332,11203.2,12234.0,1666.73,7639.24,158235.0,142696.0,1959360.0,190978
5690,0.7351918708461515,1.01101,9238.37,12122.6,1625.14,7655.8,160135.0,143032.0,1961770.0,190777
5700,0.7350356519926489,1.00906,15236.2,11913.9,1561.79,7516.42,154414.0,142886.0,1964180.0,190642
5710,0.7348799594045914,1.00693,13197.4,11982.6,1695.96,7760.04,155839.0,142590.0,1966600.0,190475
5720,0.7347247904181259,1.01112,18130.3,12246.2,1625.02,7730.17,151770.0,143352.0,1969010.0,191502
5730,0.7345701423874031,1.01373,9643.06,12079.9,1694.48,7550.53,161264.0,144177.0,1971430.0,192232
5740,0.7344160126844257,1.01151,15362.2,11973.6,1649.27,7697.85,155363.0,144022.0,1973840.0,192046
5750,0.7342623986988962,1.01067,13531.4,12265.4,1592.97,7665.23,157066.0,144086.0,1976260.0,192121
5760,0.7341092978380704,1.0079,18117.3,12138.9,1650.24,7754.99,152168.0,143820.0,1978670.0,191829
5770,0.733956707526607,1.01114,9822.29,12265.5,1619.48,7755.59,161217.0,144658.0,1981090.0,192680
5780,0.7338046252064226,1.0152,15474.1,12118.3,1711.7,7843.86,156541.0,145318.0,1983500.0,193689
5790,0.7336530483365477,1.01532,13794.2,12331.9,1639.37,7749.07,158432.0,145794.0,1985920.0,193947
5800,0.7335019743929818,1.01514,11852.3,12380.9,1671.14,7711.55,160533.0,146142.0,1988330.0,194149
5810,0.7333514008685528,1.01423,17052.3,12531.7,1730.38,7806.3,155089.0,145471.0,1990740.0,194210
5820,0.7332013252727761,1.01494,8493.33,12282.3,1716.38,7856.42,164235.0,146000.0,1993160.0,194583
5830,0.7330517451317161,1.01349,14350.4,12252.6,1715.76,7977.49,158244.0,145738.0,1995570.0,194540
5840,0.7329026579878476,1.01234,12224.2,12399.8,1703.4,7960.43,160267.0,146054.0,1997990.0,194555
5850,0.7327540613999208,1.01276,17056.1,12300.2,1702.16,7872.64,155940.0,146579.0,2000400.0,194871
5860,0.7326059529428258,1.01443,8472.43,12681.0,1616.74,8035.84,164621.0,146784.0,2002820.0,195427
5870,0.7324583302074585,1.01537,14166.2,12647.9,1689.81,7888.98,159450.0,147158.0,2005230.0,195843
5880,0.7323111908005897,1.01785,12613.2,12547.6,1665.9,8085.48,161647.0,147832.0,2007640.0,196559
5890,0.7321645323447332,1.01899,17447.2,12415.3,1707.49,7874.76,157571.0,148202.0,2010060.0,197016
5900,0.7320183524780168,1.01532,8908.23,12408.9,1675.21,8143.37,165406.0,147930.0,2012470.0,196542
5910,0.7318726488540532,1.01594,14446.2,12552.1,1675.48,8131.79,160092.0,147836.0,2014890.0,196898
5920,0.7317274191418139,1.01378,12537.3,12503.8,1697.33,7980.37,161996.0,148220.0,2017300.0,196715
5930,0.731582661025503,1.02077,17446.2,12617.6,1763.13,8184.3,158297.0,149280.0,2019720.0,198308
5940,0.7314383722044323,1.01666,15905.1,12487.1,1660.1,8141.56,159551.0,149026.0,2022130.0,197745
5950,0.7312945503928987,1.01911,14503.2,12845.4,1676.4,8295.37,161139.0,149045.0,2024550.0,198459
5960,0.7311511933200613,1.01996,13054.2,12771.7,1792.78,8222.26,163020.0,149501.0,2026960.0,198861
5970,0.7310082987298211,1.01655,11139.4,12899.3,1710.77,8109.51,164573.0,149231.0,2029380.0,198432
5980,0.7308658643807007,1.0155,16469.1,12729.9,1734.32,8194.18,159335.0,149050.0,2031790.0,198463
5990,0.7307238880457265,1.01937,7846.23,12686.1,1702.63,8217.35,169005.0,150200.0,2034200.0,199457
6000,0.7305823675123102,1.02125,13158.3,12647.1,1697.01,8179.34,164379.0,150564.0,2036620.0,200061
6010,0.7304413005821336,1.01662,11382.1,12637.1,1644.65,8328.85,165398.0,150455.0,2039030.0,199391
6020,0.7303006850710327,1.01962,16355.1,12707.6,1800.85,8315.94,161037.0,150897.0,2041450.0,200216
6030,0.7301605188088839,1.02138,8034.12,12877.9,1704.37,8340.77,169842.0,151476.0,2043860.0,200799
6040,0.7300207996394914,1.02141,13399.4,12866.9,1717.19,8431.09,164626.0,151379.0,2046280.0,201041
6050,0.7298815254204744,1.01917,11704.4,12884.2,1718.84,8233.76,166297.0,151628.0,2048690.0,200838
6060,0.7297426940231578,1.02257,16370.5,12850.4,1707.06,8475.03,162341.0,152383.0,2051110.0,201744
6070,0.7296043033324608,1.02422,15362.1,12788.4,1727.68,8492.18,163938.0,152422.0,2053520.0,202308
6080,0.7294663512467899,1.02198,13615.5,12746.7,1785.26,8541.74,165415.0,152530.0,2055940.0,202104
6090,0.7293288356779303,1.02231,11693.2,12959.4,1747.55,8462.03,167544.0,152867.0,2058350.0,202406
6100,0.7291917545509392,1.02555,16686.5,12991.2,1731.07,8370.0,163507.0,153470.0,2060760.0,203286
6110,0.7290551058040411,1.01859,15239.4,12955.1,1792.18,8439.81,163716.0,152502.0,2063180.0,202142
6120,0.7289188873885226,1.02223,6899.99,12970.5,1670.16,8535.36,173027.0,153308.0,2065590.0,203103
6130,0.7287830972686287,1.0249,12203.1,13093.4,1738.07,8509.75,168327.0,153738.0,2068010.0,203871
6140,0.7286477334214612,1.02439,10465.1,13185.8,1699.47,8496.81,170161.0,154002.0,2070420.0,204008
6150,0.728512793836876,1.02701,15470.1,13256.9,1691.19,8562.36,165788.0,154723.0,2072840.0,204768
6160,0.7283782765173831,1.02722,7190.0,13181.4,1767.14,8517.69,174391.0,154729.0,2075250.0,205047
6170,0.7282441794780469,1.02478,12499.9,13136.0,1766.47,8649.69,168746.0,154646.0,2077660.0,204798
6180,0.728110500746387,1.02644,10724.1,13080.7,1674.27,8637.58,171253.0,155520.0,2080080.0,205370
6190,0.7279772383622813,1.02247,15471.3,13110.2,1719.91,8564.24,165947.0,155042.0,2082490.0,204813
6200,0.7278443903778684,1.02744,14223.4,12990.1,1789.29,8606.08,168437.0,155890.0,2084910.0,206046
6210,0.7277119548574515,1.02302,12473.1,13203.0,1781.94,8620.67,169318.0,155200.0,2087320.0,205397
6220,0.7275799298774042,1.02964,10920.5,13390.3,1828.03,8767.79,172058.0,156384.0,2089740.0,206965
6230,0.7274483135260755,1.02821,15745.4,13145.5,1723.75,8641.1,167662.0,156880.0,2092150.0,206918
6240,0.7273171039036972,1.02654,14432.9,13386.3,1751.24,8642.91,168606.0,156233.0,2094570.0,206819
6250,0.7271862991222904,1.02635,12822.3,13404.7,1749.99,8701.58,170341.0,156322.0,2096980.0,207020
6260,0.7270558973055754,1.02013,11260.3,13182.9,1793.84,8660.81,171104.0,155652.0,2099400.0,206002
6270,0.7269258965888803,1.03109,16107.1,13326.2,1735.8,8950.75,168334.0,157654.0,2101810.0,208454
6280,0.7267962951190504,1.02846,14593.6,13306.0,1770.88,8865.99,169626.0,157533.0,2104220.0,208162
6290,0.7266670910543607,1.03073,6479.53,13259.8,1824.99,8733.53,178562.0,158566.0,2106640.0,208860
6300,0.7265382825644267,1.02648,11464.4,13426.3,1877.04,8809.3,172660.0,157472.0,2109050.0,208237
6310,0.7264098678301171,1.03008,9741.36,13451.7,1837.97,8846.94,175329.0,158474.0,2111470.0,209207
6320,0.7262818450434674,1.02824,14880.2,13414.1,1878.04,8776.92,170123.0,158233.0,2113880.0,209072
6330,0.7261542124075946,1.03254,13324.4,13452.5,1751.23,8946.79,172711.0,159166.0,2116300.0,210186
6340,0.7260269681366112,1.03068,11543.1,13553.4,1835.28,8974.08,174141.0,159162.0,2118710.0,210047
6350,0.7259001104555418,1.03125,10238.3,13353.8,1765.55,9101.84,175942.0,159317.0,2121130.0,210402
6360,0.7257736376002397,1.032,14927.0,13570.9,1851.16,9035.75,171411.0,159899.0,2123540.0,210796
6370,0.7256475478173036,1.03086,13473.2,13641.4,1830.96,9078.39,172779.0,159710.0,2125960.0,210803
6380,0.7255218393639964,1.03487,11975.4,13794.5,1832.45,9019.43,175241.0,160461.0,2128370.0,211863
6390,0.7253965105081638,1.03538,10367.1,13640.6,1812.48,9196.67,177191.0,160664.0,2130780.0,212208
6400,0.7252715595281535,1.03297,14973.2,13711.7,1830.96,9047.54,172390.0,160779.0,2133200.0,211953
6410,0.7251469847127365,1.03323,13766.6,13650.5,1836.08,9199.64,173793.0,160733.0,2135610.0,212246
6420,0.7250227843610272,1.03001,12051.1,13603.8,1832.22,9171.53,175166.0,160814.0,2138030.0,211825
6430,0.7248989567824055,1.03272,10621.4,13640.3,1816.24,8984.71,177559.0,161524.0,2140440.0,212622
6440,0.7247755002964397,1.03616,15360.2,13710.2,1795.81,9038.84,173665.0,162285.0,2142860.0,213570
6450,0.7246524132328087,1.03402,13949.4,13632.8,1815.85,9077.75,174894.0,161860.0,2145270.0,213370
6460,0.7245296939312272,1.03199,12266.1,13769.1,1833.2,9157.54,176165.0,162021.0,2147690.0,213191
6470,0.7244073407413693,1.03426,10813.3,13786.1,1830.92,9063.41,178406.0,162672.0,2150100.0,213900
6480,0.7242853520227936,1.03356,9297.09,13907.6,1762.9,9177.54,179849.0,162651.0,2152520.0,213994
6490,0.7241637261448702,1.03633,13924.2,13845.6,1880.91,9351.88,175805.0,163104.0,2154930.0,214808
6500,0.7240424614867066,1.03289,12407.1,13639.4,1908.33,9429.95,176951.0,162816.0,2157340.0,214336
6510,0.7239215564370745,1.03392,10987.2,14130.7,1886.59,9169.6,178616.0,163079.0,2159760.0,214790
6520,0.7238010093943386,1.03558,9427.3,13846.5,1775.92,9296.54,181030.0,164034.0,2162170.0,215376
6530,0.7236808187663847,1.03748,14291.3,13897.0,1799.47,9395.19,176629.0,164330.0,2164590.0,216012
6540,0.7235609829705488,1.03307,12648.0,13991.9,1851.6,9253.65,177588.0,163746.0,2167000.0,215333
6550,0.7234415004335476,1.03523,16865.3,14180.4,1898.77,9368.54,173710.0,163956.0,2169420.0,216023
6560,0.7233223695914076,1.03874,9686.37,14061.4,1844.59,9279.91,182125.0,165106.0,2171830.0,216997
6570,0.7232035888893976,1.04,14376.4,13994.2,1871.64,9523.84,177735.0,165432.0,2174240.0,217501
6580,0.7230851567819597,1.03878,12913.4,14051.7,1911.39,9613.57,178997.0,165326.0,2176660.0,217487
6590,0.7229670717326413,1.03484,17135.4,14019.3,1865.63,9294.25,174589.0,165064.0,2179070.0,216904
6600,0.7228493322140288,1.03294,9900.47,13837.3,1827.18,9400.97,181780.0,164845.0,2181490.0,216746
6610,0.7227319367076803,1.03513,14579.4,13864.7,1845.58,9417.77,177737.0,165626.0,2183900.0,217445
6620,0.7226148837040604,1.04276,13059.2,14040.3,1882.15,9662.66,180645.0,167100.0,2186320.0,219289
6630,0.7224981717024738,1.03725,11550.4,14066.1,1925.4,9519.19,181312.0,166412.0,2188730.0,218373
6640,0.7223817992110017,1.04449,10125.2,14056.9,1867.68,9631.4,184459.0,167757.0,2191150.0,220140
6650,0.7222657647464369,1.04198,8597.3,14142.0,1801.35,9696.37,185616.0,167622.0,2193560.0,219853
6660,0.7221500668342204,1.04334,13412.3,14173.8,1873.59,9771.65,181150.0,167858.0,2195980.0,220381
6670,0.7220347040083782,1.04183,11847.3,14153.6,1916.2,9666.92,182720.0,168163.0,2198390.0,220304
6680,0.7219196748114587,1.03975,16077.3,14226.8,1902.89,9722.07,178176.0,167766.0,2200800.0,220105
6690,0.7218049777944711,1.04014,8979.16,14125.2,1878.15,9646.14,185802.0,168053.0,2203220.0,220431
6700,0.7216906115168235,1.04402,13665.2,14061.8,1865.4,9765.09,182138.0,169213.0,2205630.0,221495
6710,0.7215765745462621,1.04046,11987.3,14266.2,1853.75,9612.4,183261.0,168514.0,2208050.0,220981
6720,0.7214628654588112,1.03893,16515.3,14014.9,1910.17,9716.46,178740.0,168496.0,2210460.0,220897
6730,0.7213494828387129,1.03941,9135.4,14092.3,1958.07,9820.25,186235.0,168571.0,2212880.0,221241
6740,0.721236425278368,1.04576,13598.5,14443.0,1953.96,9784.5,183055.0,169746.0,2215290.0,222835
6750,0.721123691378277,1.04286,12324.2,14136.5,1949.62,9885.51,184163.0,169718.0,2217710.0,222459
6760,0.721011279746982,1.03973,16367.5,14332.0,1884.25,9762.41,179688.0,169455.0,2220120.0,222034
6770,0.720899189001009,1.04125,9384.57,14277.9,1914.45,9997.39,187025.0,169706.0,2222540.0,222599
6780,0.72078741776481,1.04202,7834.2,14234.2,1973.16,9852.81,189113.0,170185.0,2224950.0,223007
6790,0.7206759646707069,1.03978,12242.3,14405.1,1866.79,9982.88,184272.0,169868.0,2227360.0,222769
6800,0.7205648283588346,1.0468,10917.1,14546.0,1897.02,10086.8,187068.0,171258.0,2229780.0,224515
6810,0.720454007477086,1.04032,15199.1,14433.7,1905.41,9857.24,181973.0,170493.0,2232190.0,223368
6820,0.7203435006810555,1.04092,8105.1,14310.0,1893.27,9937.96,189492.0,171010.0,2234610.0,223738
6830,0.7202333066339847,1.04497,12548.1,14221.8,1892.07,9866.93,186322.0,172254.0,2237020.0,224851
6840,0.7201234240067085,1.04392,11200.1,14539.8,1881.5,9999.69,187247.0,171619.0,2239440.0,224868
6850,0.7200138514776002,1.04709,15476.3,14586.3,1884.28,10070.6,183776.0,172414.0,2241850.0,225794
6860,0.7199045877325186,1.04223,8302.79,14442.0,1893.01,10041.7,190309.0,171754.0,2244260.0,224988
6870,0.7197956314647549,1.0444,12652.3,14438.1,1961.35,10144.7,186503.0,172724.0,2246680.0,225699
6880,0.7196869813749796,1.04717,11082.1,14653.2,1843.96,10209.3,188751.0,173342.0,2249090.0,226540
6890,0.7195786361711913,1.05065,15411.4,14458.6,1892.45,10210.7,185564.0,174553.0,2251510.0,227537
6900,0.7194705945686641,1.04827,8601.23,14535.0,1926.1,10152.6,192050.0,173662.0,2253920.0,227265
6910,0.7193628552898973,1.0462,12968.4,14620.8,1890.87,10243.4,187336.0,173569.0,2256340.0,227059
6920,0.7192554170645635,1.04721,11357.5,14574.7,2014.19,10078.8,189498.0,174347.0,2258750.0,227523
6930,0.7191482786294586,1.04943,15412.2,14621.9,1936.62,10216.9,186061.0,175070.0,2261170.0,228249
6940,0.7190414387284527,1.04746,14582.4,14824.6,1988.49,10378.6,186289.0,174245.0,2263580.0,228063
6950,0.7189348961124392,1.04861,7253.29,14677.0,1999.51,10256.1,194370.0,175129.0,2266000.0,228556
6960,0.7188286495392865,1.04682,11648.3,14589.8,1898.07,10294.1,189979.0,175234.0,2268410.0,228409
6970,0.7187226977737888,1.04949,10345.4,14634.3,1894.96,10268.8,192094.0,175847.0,2270820.0,229237
6980,0.7186170395876188,1.05008,14668.2,14644.8,1936.36,10296.0,188065.0,175834.0,2273240.0,229610
6990,0.718511673759278,1.05767,7614.19,14621.4,1933.09,10603.8,196742.0,177510.0,2275650.0,231514
7000,0.7184065990740509,1.04874,11980.0,14593.1,1922.87,10118.6,191188.0,176334.0,2278070.0,229802
7010,0.7183018143239575,1.05002,10640.3,14858.2,1946.27,10228.9,192654.0,176556.0,2280480.0,230328
7020,0.7181973183077054,1.04762,14897.2,14788.7,1965.58,10312.8,188081.0,176205.0,2282900.0,230045
7030,0.7180931098306456,1.04979,7749.26,14642.3,1951.86,10330.4,196091.0,177138.0,2285310.0,230765
7040,0.7179891877047241,1.05298,11975.4,14698.0,1988.21,10480.1,192568.0,178186.0,2287730.0,231710
7050,0.7178855507484387,1.05179,10802.4,14530.8,1976.68,10718.6,193665.0,177764.0,2290140.0,231693
7060,0.7177821977867922,1.05658,14920.4,14946.5,1956.42,10484.3,190686.0,178854.0,2292560.0,232994
7070,0.7176791276512479,1.05512,13844.2,14798.0,2023.93,10433.0,191817.0,178604.0,2294970.0,232916
7080,0.7175763391796861,1.05427,12386.0,15013.5,1995.81,10562.2,193015.0,178771.0,2297380.0,232973
7090,0.7174738312163585,1.05251,10941.2,14970.1,1988.83,10542.4,194385.0,178468.0,2299800.0,232828
7100,0.7173716026118458,1.05683,15350.0,15014.0,2004.13,10862.4,190800.0,179094.0,2302210.0,234031
7110,0.7172696522230139,1.05298,13888.6,14866.3,1997.59,10699.4,191970.0,179077.0,2304630.0,233422
7120,0.7171679789129706,1.05774,6992.3,14890.2,1887.57,10728.1,200226.0,180373.0,2307040.0,234724
7130,0.7170665815510234,1.05446,11156.3,15103.0,1927.44,10534.5,195518.0,180005.0,2309460.0,234239
7140,0.716965459012637,1.053,9727.2,14896.3,2030.15,10582.2,196924.0,180118.0,2311870.0,234160
7150,0.7168646101793914,1.05642,13965.3,14979.5,1965.29,10674.0,193583.0,180776.0,2314280.0,235167
7160,0.7167640339389404,1.05235,12648.5,15258.0,1952.85,10709.4,193935.0,180086.0,2316700.0,234504
7170,0.71666372918497,1.0556,11345.5,14854.4,1999.3,10619.8,196656.0,181440.0,2319110.0,235475
7180,0.7165636948171584,1.05396,9857.43,15087.2,1964.98,10844.5,197600.0,180767.0,2321530.0,235354
7190,0.7164639297411337,1.05941,14143.3,14994.7,1917.96,10965.5,194796.0,182153.0,2323940.0,236817
7200,0.7163644328684357,1.05348,12904.3,14960.8,1928.94,10709.8,195232.0,181355.0,2326360.0,235736
7210,0.7162652031164742,1.05727,11538.4,15039.8,1963.18,10834.3,197452.0,182249.0,2328770.0,236828
7220,0.7161662394084904,1.05572,9898.37,15056.6,2020.9,10761.0,198989.0,182464.0,2331190.0,236726
7230,0.716067540673518,1.05813,14337.2,15042.0,1953.59,10685.4,195494.0,182926.0,2333600.0,237512
7240,0.7159691058463424,1.05442,13143.3,15083.7,1923.78,10892.2,195881.0,182394.0,2336020.0,236924
7250,0.7158709338674644,1.06063,11582.0,15082.5,1971.44,11050.6,198880.0,183748.0,2338430.0,238567
7260,0.7157730236830597,1.05536,10354.1,14821.2,1982.4,10803.2,199666.0,183234.0,2340840.0,237627
7270,0.7156753742449425,1.0583,14368.5,15128.7,1945.55,10844.6,196248.0,184017.0,2343260.0,238535
7280,0.7155779845105273,1.05702,13176.1,15234.4,2041.0,10827.6,197213.0,183708.0,2345670.0,238492
7290,0.7154808534427906,1.06019,11956.3,15260.9,1999.58,10906.9,199328.0,184659.0,2348090.0,239452
7300,0.715383980010235,1.05737,10512.2,15023.0,1978.45,10996.0,200552.0,184421.0,2350500.0,239062
7310,0.7152873631868517,1.05886,9164.85,15159.4,1980.0,10914.6,202426.0,185037.0,2352920.0,239645
7320,0.7151910019520844,1.05858,13385.4,15078.9,2065.09,11040.6,198256.0,184985.0,2355330.0,239826
7330,0.7150948952907927,1.05949,11987.3,15134.8,1977.37,10988.7,200191.0,185601.0,2357750.0,240279
7340,0.7149990421932156,1.06342,10772.0,15314.6,1974.42,11204.8,202151.0,186058.0,2360160.0,241417
7350,0.7149034416549376,1.05959,9462.43,15508.6,2064.43,11078.6,202679.0,185694.0,2362580.0,240793
7360,0.7148080926768515,1.06144,13537.1,15345.6,2012.81,11080.3,199485.0,186258.0,2364990.0,241461
7370,0.714712994265124,1.06316,12193.6,15398.2,2057.29,11134.4,201316.0,186646.0,2367400.0,242099
7380,0.714618145431161,1.0657,10750.1,15315.2,2026.3,11041.4,203791.0,187810.0,2369820.0,242924
7390,0.714523545191573,1.06629,9556.13,15387.7,2001.09,11494.0,204867.0,187619.0,2372230.0,243306
7400,0.714429192568141,1.06645,13688.3,15218.7,2064.81,11105.2,201514.0,188246.0,2374650.0,243591
7410,0.7143350865877814,1.06569,12389.4,15506.1,2062.0,11237.6,202469.0,188242.0,2377060.0,243664
7420,0.7142412262825144,1.0651,16056.1,15385.5,2013.15,11134.1,199189.0,188512.0,2379480.0,243778
7430,0.7141476106894282,1.06485,9621.13,15391.4,2075.4,11308.7,205570.0,188703.0,2381890.0,243967
7440,0.7140542388506477,1.06499,13631.4,15396.3,1974.11,11416.6,201829.0,188711.0,2384300.0,244247
7450,0.7139611098132997,1.06772,12611.1,15440.3,2130.93,11352.7,203585.0,189476.0,2386720.0,245120
7460,0.7138682226294825,1.06507,11418.1,15325.5,2015.39,11410.6,204589.0,189164.0,2389130.0,244759
7470,0.7137755763562309,1.06653,9910.2,15463.0,2046.02,11440.8,206484.0,189685.0,2391550.0,245344
7480,0.7136831700554866,1.06344,8617.26,15458.6,2003.25,11339.8,207461.0,189276.0,2393960.0,244880
7490,0.7135910027940643,1.06707,12711.2,15469.2,2033.85,11601.5,204147.0,190124.0,2396380.0,245963
7500,0.7134990736436211,1.06311,11468.1,15478.6,2041.35,11419.6,204888.0,189615.0,2398790.0,245296
7510,0.713407381680624,1.06694,10077.1,15484.9,2025.66,11259.0,207581.0,191122.0,2401210.0,246428
7520,0.7133159259863205,1.0681,8871.43,15501.8,2035.79,11542.0,208994.0,191263.0,2403620.0,246945
7530,0.7132247056467063,1.06802,12760.4,15577.6,1985.78,11397.5,205454.0,191602.0,2406040.0,247175
7540,0.7131337197524942,1.0669,11421.2,15431.1,1995.96,11697.2,206616.0,191445.0,2408450.0,247162
7550,0.7130429673990852,1.07143,15368.3,15651.1,2029.04,11542.6,203870.0,192392.0,2410860.0,248461
7560,0.7129524476865374,1.06872,8937.97,15663.1,2084.08,11545.7,209849.0,191895.0,2413280.0,248080
7570,0.7128621597195356,1.06625,12841.3,15753.5,2051.0,11664.7,205444.0,191988.0,2415690.0,247755
7580,0.7127721026073621,1.06837,11686.2,15586.9,1995.17,11556.4,207671.0,192759.0,2418110.0,248496
7590,0.7126822754638674,1.06774,15508.3,15711.9,2046.18,11442.5,203889.0,192792.0,2420520.0,248598
7600,0.7125926774074404,1.06709,9098.32,15483.8,2114.41,11480.2,210516.0,193402.0,2422940.0,248693
7610,0.7125033075609795,1.07072,7953.23,15522.3,2135.95,11485.3,212692.0,194025.0,2425350.0,249789
7620,0.7124141650518634,1.07199,11935.6,15726.5,2072.9,11771.9,208826.0,194024.0,2427770.0,250333
7630,0.7123252490119237,1.07239,10701.7,15512.5,2058.59,11712.5,210691.0,194663.0,2430180.0,250676
7640,0.7122365585774147,1.07145,9295.33,15680.4,2054.55,11713.8,211961.0,194746.0,2432600.0,250705
7650,0.712148092888987,1.07032,8146.22,15801.5,2032.27,11687.4,213022.0,194729.0,2435010.0,250689
7660,0.7120598510916576,1.07333,11974.3,15739.3,2101.21,11744.4,210085.0,195479.0,2437420.0,251644
7670,0.711971832334784,1.07293,11069.3,15650.0,2116.17,11855.1,211108.0,195117.0,2439840.0,251798
7680,0.7118840357720356,1.0753,14781.2,15713.0,2166.53,11877.4,208067.0,195999.0,2442250.0,252605
7690,0.7117964605613667,1.07326,8389.36,15864.6,2086.47,11665.8,214369.0,196140.0,2444670.0,252375
7700,0.711709105864989,1.07433,12006.0,15840.0,2046.33,11938.6,211046.0,196487.0,2447080.0,252877
7710,0.7116219708493452,1.07258,10913.1,15879.3,2117.26,11841.5,211963.0,196180.0,2449500.0,252714
7720,0.711535054685082,1.07381,14726.2,15921.1,2056.47,11940.1,208609.0,196676.0,2451910.0,253253
7730,0.7114483565470237,1.07447,8366.17,15998.3,2020.52,11961.1,215312.0,196777.0,2454320.0,253658
7740,0.7113618756141452,1.07115,12296.2,15823.4,2023.02,11822.5,211158.0,196993.0,2456740.0,253123
7750,0.7112756110695474,1.07372,11146.5,15791.6,2019.58,12107.6,212914.0,197324.0,2459150.0,253979
7760,0.7111895621004296,1.07577,14960.5,15869.5,2031.34,11969.6,209882.0,198107.0,2461570.0,254713
7770,0.7111037278980651,1.07635,8550.92,15843.0,2102.43,11827.4,216778.0,198745.0,2463980.0,255102
7780,0.7110181076577743,1.07327,7659.43,15792.0,2123.93,11987.0,217059.0,197970.0,2466400.0,254621
7790,0.7109327005789011,1.07552,11297.2,15854.6,2023.45,12068.6,214159.0,198873.0,2468810.0,255403
7800,0.7108475058647862,1.07351,10003.4,15907.0,2035.37,12227.1,215003.0,198706.0,2471230.0,255176
7810,0.710762522722743,1.07594,13792.3,15842.1,2073.19,12136.3,212159.0,199369.0,2473640.0,256003
7820,0.7106777503640324,1.07356,12740.3,16112.0,2039.32,12059.4,212735.0,198830.0,2476060.0,255686
7830,0.7105931880038385,1.0742,11443.4,15972.4,2029.72,12016.2,214626.0,199352.0,2478470.0,256088
7840,0.7105088348612438,1.07805,10209.2,16046.7,2104.84,12025.4,216870.0,200250.0,2480880.0,257256
7850,0.7104246901592058,1.07658,9039.33,15857.7,2057.28,12109.1,218092.0,200391.0,2483300.0,257155
7860,0.7103407531245324,1.08159,12925.2,16064.3,2138.08,12316.0,215160.0,201197.0,2485710.0,258604
7870,0.7102570229878572,1.07597,11635.2,15873.8,2129.9,12158.0,215713.0,200944.0,2488130.0,257510
7880,0.7101734989836177,1.07958,10326.1,15888.2,2071.65,12140.6,218197.0,201936.0,2490540.0,258624
7890,0.7100901803500301,1.07681,9114.16,16027.4,2052.73,12201.8,218816.0,201531.0,2492960.0,258212
7900,0.7100070663290667,1.07763,13068.1,16011.2,2023.74,12271.5,215284.0,201510.0,2495370.0,258659
7910,0.7099241561664333,1.08039,11752.3,16186.8,2071.3,12285.9,217276.0,202496.0,2497790.0,259572
7920,0.7098414491115447,1.0834,10522.2,16092.6,2121.0,12346.8,219463.0,203400.0,2500200.0,260546
7930,0.7097589444175033,1.07561,9341.29,16073.1,2109.36,12335.7,219064.0,201748.0,2502620.0,258923
7940,0.7096766413410759,1.0811,7851.26,16130.0,2046.77,12473.9,221993.0,203602.0,2505030.0,260495
7950,0.7095945391426709,1.07902,11758.4,16226.3,2045.13,12466.9,217748.0,203252.0,2507440.0,260245
7960,0.7095126370863167,1.08226,10771.3,16187.3,2117.37,12396.1,219805.0,203689.0,2509860.0,261277
7970,0.7094309344396389,1.07935,9339.29,16174.5,2051.3,12241.5,221018.0,204004.0,2512270.0,260825
7980,0.7093494304738385,1.0794,8193.06,16031.1,2108.02,12512.0,222244.0,203900.0,2514690.0,261088
7990,0.7092681244636704,1.08065,12047.0,16199.8,2065.0,12311.5,219018.0,204506.0,2517100.0,261641
8000,0.7091870156874214,1.08233,10850.2,16163.4,2080.14,12440.2,220766.0,204760.0,2519520.0,262300
8010,0.7091061034268883,1.08404,9561.06,16403.5,2188.71,12493.7,222318.0,205381.0,2521930.0,262965
8020,0.7090253869673578,1.08009,8643.13,16110.2,2169.39,12647.9,222688.0,204562.0,2524350.0,262259
8030,0.7089448655975839,1.08362,16695.2,16106.5,2123.75,12478.7,215963.0,206131.0,2526760.0,263367
8040,0.7088645386097675,1.08184,15558.2,16253.4,2114.49,12493.3,216767.0,205740.0,2529180.0,263186
8050,0.7087844052995357,1.08196,14530.3,16141.2,2125.97,12547.0,218122.0,206212.0,2531590.0,263466
8060,0.7087044649659207,1.08594,4601.95,16578.4,2046.72,12635.2,228826.0,206784.0,2534000.0,264688
8070,0.7086247169113394,1.0864,12286.2,16335.9,2183.54,12603.6,221643.0,207531.0,2536420.0,265052
8080,0.7085451604415727,1.08127,11109.3,16355.1,2113.17,12770.4,221704.0,206312.0,2538830.0,264052
8090,0.7084657948657457,1.08659,10091.3,16315.7,2082.72,12686.9,224427.0,207960.0,2541250.0,265604
8100,0.7083866194963071,1.08572,8790.03,16365.2,2110.96,12802.6,225575.0,208084.0,2543660.0,265644
8110,0.7083076336490093,1.0882,7856.32,16321.5,2182.84,12693.4,227449.0,208705.0,2546080.0,266503
8120,0.7082288366428889,1.08773,15587.5,16272.9,2119.68,12512.1,220149.0,209379.0,2548490.0,266641
8130,0.7081502278002463,1.08575,14863.4,16468.3,2066.09,12704.0,220306.0,208531.0,2550900.0,266408
8140,0.7080718064466269,1.08687,4770.29,16538.4,2095.17,12786.6,230743.0,209025.0,2553320.0,266933
8150,0.707993571910801,1.08585,4118.33,16272.5,2191.4,12697.6,231655.0,209087.0,2555730.0,266935
8160,0.7079155235247454,1.08926,11390.2,16385.3,2066.96,12906.6,225277.0,210091.0,2558150.0,268026
8170,0.7078376606236226,1.08236,10311.2,16430.4,2090.3,12865.0,224884.0,208628.0,2560560.0,266581
8180,0.7077599825457642,1.08495,9069.26,16318.3,2002.54,12822.7,227257.0,209769.0,2562980.0,267470
8190,0.7076824886326497,1.08877,8135.33,16368.0,2104.51,12769.1,229289.0,210680.0,2565390.0,268666
8200,0.7076051782288889,1.08975,18137.4,16547.2,2098.7,12904.1,219472.0,210997.0,2567810.0,269159
8210,0.7075280506822037,1.08966,17018.3,16264.4,2171.55,13188.3,220749.0,211118.0,2570220.0,269391
8220,0.7074511053434083,1.08531,16082.4,16310.1,2058.34,12919.5,221197.0,210669.0,2572640.0,268567
8230,0.7073743415663923,1.08924,6518.03,16403.0,2122.4,12999.3,231749.0,211584.0,2575050.0,269792
8240,0.7072977587081014,1.09103,14049.0,16582.0,2188.63,13071.6,224599.0,212081.0,2577460.0,270490
8250,0.7072213561285198,1.08931,12866.3,16360.5,2213.89,12972.8,225904.0,212332.0,2579880.0,270317
8260,0.7071451331906522,1.09181,11850.4,16505.6,2097.78,13032.8,227704.0,212769.0,2582290.0,271191
8270,0.7070690892605059,1.08637,10515.3,16489.1,2168.61,13089.2,227829.0,212189.0,2584710.0,270091
8280,0.7069932237070737,1.0891,9720.4,16492.0,2156.76,12960.9,229693.0,212772.0,2587120.0,271023
8290,0.7069175359023148,1.08776,16480.3,16349.9,2095.49,13036.4,222980.0,212828.0,2589540.0,270942
8300,0.7068420252211388,1.09218,15486.1,16623.6,2174.96,13007.9,225004.0,213722.0,2591950.0,272297
8310,0.7067666910413885,1.08887,14418.4,16665.8,2132.14,13252.7,225256.0,213352.0,2594370.0,271725
8320,0.7066915327438209,1.08874,6141.16,16463.8,2123.35,13217.8,233999.0,213660.0,2596780.0,271945
8330,0.7066165497120922,1.0897,12874.4,16406.6,2151.59,13079.2,227925.0,214236.0,2599200.0,272437
8340,0.7065417413327396,1.09408,11780.5,16533.5,2226.95,13353.0,229894.0,214970.0,2601610.0,273788
8350,0.7064671069951649,1.09596,11012.5,16660.8,2142.0,13463.6,231233.0,215436.0,2604020.0,274512
8360,0.7063926460916177,1.09662,10020.4,16624.9,2109.65,13327.3,232849.0,216259.0,2606440.0,274931
8370,0.7063183580171788,1.09329,15848.2,16777.8,2152.32,13491.6,226080.0,215295.0,2608850.0,274350
8380,0.7062442421697434,1.09111,14990.1,16659.8,2195.29,13237.0,226975.0,215626.0,2611270.0,274057
8390,0.7061702979500052,1.09709,14353.6,16674.1,2170.72,13422.7,229192.0,216874.0,2613680.0,275813
8400,0.70609652476144,1.09503,13841.4,16412.4,2252.69,13452.4,229591.0,216727.0,2616100.0,275550
8410,0.7060229220102895,1.09458,12818.4,16792.8,2162.85,13489.3,230428.0,216736.0,2618510.0,275691
8420,0.7059494891055448,1.09314,11822.3,16428.3,2189.64,13459.6,231682.0,216943.0,2620920.0,275582
8430,0.7058762254589316,1.09421,10904.6,16547.6,2224.34,13443.5,232987.0,217480.0,2623340.0,276107
8440,0.7058031304848933,1.09718,10079.3,16615.1,2133.03,13394.8,234889.0,218125.0,2625750.0,277111
8450,0.7057302036005755,1.09457,9331.19,16681.7,2153.45,13261.0,235280.0,217771.0,2628170.0,276707
8460,0.7056574442258111,1.09323,14948.1,16632.3,2142.15,13286.6,229612.0,217999.0,2630580.0,276621
8470,0.7055848517831041,1.09308,14157.4,16529.8,2114.15,13395.5,230639.0,218324.0,2633000.0,276836
8480,0.7055124256976144,1.09752,13677.6,16528.5,2189.16,13443.5,232376.0,219558.0,2635410.0,278215
8490,0.7054401653971425,1.09423,6041.39,16838.6,2172.35,13472.1,239112.0,218855.0,2637830.0,277636
8500,0.7053680703121145,1.09374,11909.3,16710.9,2131.17,13515.0,233500.0,218787.0,2640240.0,277766
8510,0.7052961398755667,1.09839,11081.4,16841.2,2211.08,13597.6,235470.0,220014.0,2642660.0,279201
8520,0.7052243735231313,1.09789,10182.2,16821.6,2102.4,13590.2,236635.0,220181.0,2645070.0,279331
8530,0.7051527706930207,1.09617,9294.26,16840.9,2113.59,13368.8,237528.0,220136.0,2647480.0,279146
8540,0.7050813308260137,1.09877,14899.3,16740.3,2094.29,13763.7,232566.0,220854.0,2649900.0,280064
8550,0.7050100533654392,1.0996,13998.3,16816.0,2134.91,13776.2,233807.0,221507.0,2652310.0,280532
8560,0.704938937757164,1.09905,13509.1,16957.0,2168.74,13552.7,234458.0,221362.0,2654730.0,280645
8570,0.7048679834495766,1.09982,12884.3,16902.3,2175.05,13788.3,235349.0,221663.0,2657140.0,281099
8580,0.7047971898935725,1.10148,11951.3,16850.1,2015.81,13721.7,237239.0,222602.0,2659560.0,281778
8590,0.7047265565425423,1.09863,10890.5,16831.7,2153.4,13666.8,237761.0,222368.0,2661970.0,281303
8600,0.7046560828523551,1.09986,10258.1,16911.2,2125.69,13638.0,238942.0,222561.0,2664390.0,281875
8610,0.7045857682813454,1.10391,9456.2,16796.0,2239.07,13720.4,240958.0,223853.0,2666800.0,283170
8620,0.7045156122902992,1.10178,8740.39,16687.7,2167.99,13575.7,241707.0,224035.0,2669220.0,282879
8630,0.70444561434244,1.10083,13917.4,16718.6,2197.82,13675.7,236380.0,223942.0,2671630.0,282890
8640,0.704375773903415,1.10303,13282.2,16670.9,2250.14,13704.0,237805.0,224716.0,2674040.0,283712
8650,0.7043060904412816,1.09795,12609.4,16564.9,2257.49,13546.4,237681.0,223851.0,2676460.0,282659
8660,0.7042365634264933,1.10298,11929.5,16995.8,2151.78,13794.6,239340.0,224671.0,2678870.0,284212
8670,0.7041671923318867,1.10185,11194.1,16905.6,2113.55,13827.3,240136.0,224965.0,2681290.0,284177
8680,0.7040979766326687,1.10364,10280.4,16934.5,2219.13,13776.2,241684.0,225703.0,2683700.0,284894
8690,0.704028915806401,1.10346,9697.29,16633.3,2081.47,13933.4,242759.0,225756.0,2686120.0,285104
8700,0.7039600093329894,1.09884,8774.86,16711.4,2099.52,14170.2,242408.0,224932.0,2688530.0,284164
8710,0.7038912566946691,1.10402,13881.5,16853.8,2158.41,14150.3,238716.0,226362.0,2690940.0,285760
8720,0.7038226573759923,1.10389,13696.3,16893.8,2101.68,13862.4,239430.0,226250.0,2693360.0,285984
8730,0.7037542108638151,1.1041,12704.2,16986.1,2270.8,14033.6,240300.0,226645.0,2695770.0,286295
8740,0.703685916647284,1.10312,12059.4,17011.1,2166.25,13927.6,241132.0,226540.0,2698190.0,286296
8750,0.7036177742178241,1.10466,11200.3,16914.3,2224.61,13981.0,242632.0,227404.0,2700600.0,286952
8760,0.7035497830691265,1.10484,10501.3,16909.5,2242.15,14068.5,243536.0,227516.0,2703020.0,287257
8770,0.7034819426971342,1.10546,9717.5,17014.7,2255.51,14018.9,244666.0,228030.0,2705430.0,287673
8780,0.7034142526000311,1.10464,9138.96,16922.2,2168.87,14176.8,245311.0,228134.0,2707850.0,287718
8790,0.7033467122782288,1.10783,8358.16,17120.1,2242.46,14125.3,246960.0,228860.0,2710260.0,288806
8800,0.7032793212343542,1.10451,13529.4,17057.0,2259.1,14020.0,241332.0,228390.0,2712680.0,288197
8810,0.703212078973238,1.10596,12906.2,16941.3,2189.63,14146.8,242647.0,228912.0,2715090.0,288831
8820,0.7031449850019013,1.10715,11995.3,16980.6,2159.78,14387.7,243878.0,229328.0,2717500.0,289401
8830,0.7030780388295442,1.10664,11440.4,16877.3,2161.57,14223.0,244821.0,229923.0,2719920.0,289523
8840,0.703011239967534,1.10672,10638.3,16901.9,2185.82,14320.6,245755.0,229896.0,2722330.0,289802
8850,0.7029445879293927,1.10686,9717.42,17077.0,2200.84,14173.6,246927.0,230691.0,2724750.0,290096
8860,0.702878082230785,1.1077,9228.37,17118.9,2224.42,14358.8,247641.0,230404.0,2727160.0,290572
8870,0.7028117223895072,1.10973,8328.47,17220.0,2131.97,14373.9,249309.0,231404.0,2729580.0,291363
8880,0.7027455079254747,1.10882,13551.1,17073.4,2216.41,14357.0,244184.0,231168.0,2731990.0,291382
8890,0.7026794383607113,1.11281,12961.2,17168.8,2272.78,14357.2,245929.0,232318.0,2734410.0,292689
8900,0.7026135132193365,1.11008,12096.4,16978.2,2206.54,14584.1,246363.0,232180.0,2736820.0,292228
8910,0.7025477320275548,1.10763,11351.8,17273.4,2174.2,14215.5,246826.0,232039.0,2739240.0,291841
8920,0.7024820943136438,1.11184,15961.4,17029.6,2154.7,14434.3,243627.0,232950.0,2741650.0,293207
8930,0.7024165996079436,1.11266,10167.1,17120.2,2198.23,14410.3,249787.0,233456.0,2744060.0,293683
8940,0.7023512474428442,1.11279,9382.26,17218.7,2207.09,14293.5,250874.0,233653.0,2746480.0,293976
8950,0.7022860373527761,1.11043,8736.24,17146.7,2161.59,14678.0,250887.0,233073.0,2748890.0,293610
8960,0.7022209688741972,1.10822,7938.53,17080.7,2203.43,14462.4,251598.0,233284.0,2751310.0,293283
8970,0.7021560415455835,1.11004,12769.4,16984.1,2309.94,14398.2,247560.0,233869.0,2753720.0,294022
8980,0.7020912549074171,1.11329,12216.3,17255.8,2266.01,14516.2,248887.0,234540.0,2756140.0,295141
8990,0.7020266085021757,1.11122,11554.0,17253.7,2235.67,14380.5,249427.0,234715.0,2758550.0,294851
9000,0.7019621018743214,1.11082,10904.0,17280.5,2337.31,14724.1,249757.0,234517.0,2760960.0,295003
9010,0.7018977345702901,1.11592,10176.0,17180.1,2312.68,14564.9,252381.0,236300.0,2763380.0,296615
9020,0.7018335061384813,1.11278,9537.26,17169.3,2218.0,14614.0,252500.0,235636.0,2765790.0,296039
9030,0.7017694161292466,1.11419,8772.5,17188.9,2223.75,14511.2,253978.0,236236.0,2768210.0,296674
9040,0.7017054640948798,1.11145,8147.23,17202.0,2122.94,14778.4,253951.0,235557.0,2770620.0,296202
9050,0.7016416495896062,1.11372,12970.2,17029.5,2194.13,14798.0,250074.0,236827.0,2773040.0,297066
9060,0.7015779721695722,1.11452,12305.2,17261.3,2211.05,14680.6,251080.0,236865.0,2775450.0,297538
9070,0.7015144313928348,1.11458,11817.0,17153.3,2183.16,14602.7,252057.0,237394.0,2777870.0,297813
9080,0.7014510268193516,1.11531,10999.4,17290.5,2368.23,14722.7,252885.0,237345.0,2780280.0,298266
9090,0.7013877580109701,1.11561,15144.2,17140.1,2249.64,14822.4,249252.0,238083.0,2782700.0,298608
9100,0.7013246245314184,1.11427,9685.26,17146.8,2279.66,14838.1,254557.0,237804.0,2785110.0,298507
9110,0.7012616259462943,1.1157,8935.92,17296.5,2251.08,14757.9,255908.0,238564.0,2787520.0,299149
9120,0.7011987618230554,1.11218,8244.47,17367.6,2206.52,14861.8,255784.0,237624.0,2789940.0,298464
9130,0.7011360317310095,1.11671,7551.19,16983.8,2322.22,14951.7,258130.0,239588.0,2792350.0,299939
9140,0.7010734352413044,1.11904,12238.5,17356.5,2294.17,14851.2,254083.0,239940.0,2794770.0,300823
9150,0.7010109719269185,1.11962,11631.2,17227.1,2176.51,14956.3,255248.0,240698.0,2797180.0,301239
9160,0.7009486413626502,1.12415,10957.1,17443.0,2298.34,15178.4,256842.0,241634.0,2799600.0,302719
9170,0.7008864431251095,1.12091,10354.3,17101.2,2293.91,14923.5,257434.0,241451.0,2802010.0,302107
9180,0.7008243767927064,1.12119,14536.3,17441.8,2278.47,15242.8,252944.0,241168.0,2804430.0,302443
9190,0.7007624419456436,1.12098,8995.37,17564.1,2146.68,15061.0,258881.0,241659.0,2806840.0,302648
9200,0.7007006381659051,1.11977,8498.03,17371.2,2220.96,15078.7,259412.0,241556.0,2809260.0,302581
9210,0.7006389650372481,1.11814,7810.23,17139.1,2202.38,14977.3,260271.0,241981.0,2811670.0,302400
9220,0.7005774221451926,1.12468,12564.3,17393.6,2302.55,15210.4,256958.0,243171.0,2814080.0,304429
9230,0.7005160090770123,1.117,11820.5,17355.1,2259.38,15012.9,256163.0,241602.0,2816500.0,302611
9240,0.7004547254217263,1.12319,11064.4,17302.6,2206.29,15062.6,258913.0,243632.0,2818910.0,304549
9250,0.7003935707700881,1.12216,10503.2,17389.2,2206.36,15247.9,259183.0,243376.0,2821330.0,304530
9260,0.7003325447145781,1.1202,9695.36,17361.1,2246.8,14867.5,260088.0,243689.0,2823740.0,304259
9270,0.7002716468493936,1.12122,9146.33,17555.4,2207.61,15205.2,260680.0,243861.0,2826160.0,304795
9280,0.7002108767704397,1.12418,8703.39,17258.6,2213.69,15347.8,262339.0,244568.0,2828570.0,305862
9290,0.7001502340753208,1.11888,8022.45,17285.9,2218.95,15199.1,261954.0,243807.0,2830980.0,304680
9300,0.7000897183633317,1.11701,7340.36,17377.8,2208.37,15005.1,262498.0,243617.0,2833400.0,304430
9310,0.7000293292354478,1.12449,11915.2,17434.0,2172.22,15085.1,260121.0,245578.0,2835810.0,306728
9320,0.6999690662943177,1.12253,11268.1,17519.1,2264.22,15082.7,260321.0,245184.0,2838230.0,306455
9330,0.699908929144253,1.12143,10543.1,17312.9,2249.28,15291.0,261020.0,245544.0,2840640.0,306416
9340,0.6998489173912205,1.12201,10027.2,17580.9,2297.78,15375.7,261552.0,245444.0,2843060.0,306834
9350,0.6997890306428335,1.12431,14220.1,17234.0,2302.97,15118.6,258847.0,246690.0,2845470.0,307723
9360,0.6997292685083429,1.12666,8779.53,17590.9,2278.64,15415.8,264563.0,247215.0,2847890.0,308628
9370,0.6996696305986286,1.12263,8035.19,17307.0,2194.32,15379.2,264870.0,247058.0,2850300.0,307786
9380,0.6996101165261914,1.12167,7432.4,17464.8,2215.56,15267.4,265403.0,246664.0,2852720.0,307783
9390,0.6995507259051441,1.12451,11792.2,17469.4,2279.51,15217.4,262065.0,247606.0,2855130.0,308823
9400,0.6994914583512035,1.126,11209.3,17400.4,2274.5,15350.6,263259.0,248301.0,2857540.0,309494
9410,0.6994323134816821,1.12559,10755.1,17303.7,2257.94,15442.5,263884.0,248232.0,2859960.0,309643
9420,0.6993732909154792,1.12171,9852.03,17486.8,2231.68,15311.9,263954.0,247979.0,2862370.0,308836
9430,0.6993143902730732,1.12629,9553.89,17668.0,2202.2,15424.2,265511.0,248797.0,2864790.0,310359
9440,0.6992556111765136,1.12825,13500.3,17496.8,2222.53,15584.7,262358.0,249846.0,2867200.0,311162
9450,0.6991969532494121,1.12603,8391.09,17573.8,2194.48,15611.5,267038.0,249206.0,2869620.0,310809
9460,0.6991384161169355,1.12685,7543.36,17525.9,2267.19,15620.8,268341.0,249830.0,2872030.0,311298
9470,0.699079999405797,1.1288,6912.46,17321.4,2244.08,15690.2,269931.0,250710.0,2874450.0,312099
9480,0.6990217027442484,1.12478,11321.2,17531.4,2215.31,15567.7,264612.0,249762.0,2876860.0,311248
9490,0.6989635257620719,1.12698,10654.3,17532.6,2255.65,15514.1,266163.0,250629.0,2879280.0,312120
9500,0.6989054680905729,1.12827,10075.3,17557.6,2198.71,15785.3,267123.0,251066.0,2881690.0,312740
9510,0.6988475293625718,1.12475,9629.96,17430.9,2190.44,15610.7,267161.0,250653.0,2884100.0,312023
9520,0.6987897092123954,1.13143,13579.2,17607.9,2205.33,15773.8,264973.0,252464.0,2886520.0,314139
9530,0.6987320072758709,1.13037,13197.3,17554.8,2312.92,15724.7,265318.0,252100.0,2888930.0,314108
9540,0.6986744231903169,1.12807,7677.22,17498.6,2246.93,15666.5,270641.0,252553.0,2891350.0,313730
9550,0.6986169565945358,1.12948,7262.33,17617.8,2184.6,15616.5,271706.0,252616.0,2893760.0,314387
9560,0.698559607128807,1.13273,11328.3,17604.3,2218.56,15691.7,268710.0,254095.0,2896180.0,315553
9570,0.6985023744348784,1.13033,10810.1,17650.5,2271.33,15543.1,268871.0,253447.0,2898590.0,315146
9580,0.69844525815596,1.12816,10138.1,17761.5,2273.17,15684.5,268947.0,253076.0,2901010.0,314804
9590,0.698388257936715,1.13363,9606.39,17416.0,2241.5,15798.2,271531.0,255034.0,2903420.0,316593
9600,0.698331373423254,1.12881,9047.49,17519.5,2253.08,15575.9,271114.0,253988.0,2905840.0,315510
9610,0.6982746042631262,1.13057,12937.2,17639.8,2261.08,15732.7,267694.0,254625.0,2908250.0,316265
9620,0.6982179501053133,1.13017,8053.4,17587.7,2207.52,15737.7,272828.0,254706.0,2910660.0,316414
9630,0.698161410600221,1.12982,7374.23,17498.8,2322.95,16031.2,273353.0,254838.0,2913080.0,316580
9640,0.6981049853996731,1.13361,6765.33,17682.8,2137.99,15835.2,275483.0,256255.0,2915490.0,317904
9650,0.6980486741569033,1.13084,10885.3,17509.0,2243.25,16038.6,270715.0,255438.0,2917910.0,317391
9660,0.6979924765265483,1.1307,10108.5,17569.0,2250.07,15816.3,271871.0,256255.0,2920320.0,317615
9670,0.697936392164641,1.13047,9729.5,17534.0,2305.16,15976.1,272267.0,255864.0,2922740.0,317812
9680,0.6978804207286031,1.13171,8997.33,17608.3,2290.74,15938.3,273589.0,256694.0,2925150.0,318424
9690,0.6978245618772383,1.13198,13203.3,17438.1,2390.4,15982.4,269747.0,256712.0,2927560.0,318761
9700,0.6977688152707253,1.13155,12583.5,17445.0,2243.3,16036.9,270596.0,257022.0,2929980.0,318905
9710,0.6977131805706107,1.1341,7569.32,17607.1,2225.64,16066.4,276419.0,257835.0,2932390.0,319887
9720,0.6976576574398022,1.13509,6828.23,17671.5,2317.57,16271.1,277341.0,257999.0,2934810.0,320429
9730,0.6976022455425624,1.1362,10851.4,17717.3,2158.59,16204.8,274073.0,258946.0,2937220.0,321005
9740,0.6975469445445004,1.1327,10367.3,17522.9,2180.81,15970.1,274240.0,258723.0,2939640.0,320281
9750,0.697491754112567,1.13208,9762.36,17350.1,2287.49,16190.8,274776.0,258595.0,2942050.0,320367
9760,0.6974366739150463,1.13487,9217.02,17667.6,2203.08,16331.1,276003.0,259316.0,2944470.0,321422
9770,0.6973817036215499,1.13755,8710.06,17711.9,2312.91,16307.3,277403.0,260098.0,2946880.0,322445
9780,0.6973268429030105,1.13888,12621.5,17686.7,2262.44,16046.5,274468.0,260992.0,2949300.0,323085
9790,0.6972720914316746,1.13772,12138.4,17364.5,2267.8,16113.6,275138.0,261332.0,2951710.0,323022
9800,0.6972174488810959,1.13811,6894.36,17734.2,2252.4,16282.3,280233.0,261260.0,2954120.0,323396
9810,0.6971629149261299,1.13452,6492.47,17647.2,2128.07,16122.5,280250.0,260679.0,2956540.0,322640
9820,0.6971084892429258,1.13875,10369.2,17749.9,2351.69,16202.7,277432.0,261864.0,2958950.0,324106
9830,0.6970541715089215,1.13972,9973.43,17686.7,2169.39,16371.6,278445.0,262478.0,2961370.0,324646
9840,0.6969999614028362,1.13581,9200.16,17778.3,2282.51,16249.4,278288.0,261825.0,2963780.0,323798
9850,0.6969458586046644,1.14299,8896.46,17774.8,2207.6,16451.7,280779.0,263608.0,2966200.0,326110
9860,0.6968918627956702,1.14009,12516.9,17765.0,2209.13,16052.7,277004.0,263731.0,2968610.0,325548
9870,0.6968379736583794,1.13909,11957.4,17639.7,2244.25,16335.9,277350.0,263371.0,2971030.0,325527
9880,0.6967841908765752,1.13795,7235.36,17687.7,2240.48,16400.8,281900.0,262838.0,2973440.0,325464
9890,0.6967305141352901,1.13943,6652.16,17449.2,2261.77,16410.0,283380.0,264073.0,2975860.0,326153
9900,0.6966769431208016,1.14261,10413.3,17613.0,2199.09,16699.8,280403.0,264894.0,2978270.0,327328
9910,0.6966234775206244,1.13903,9911.05,17648.7,2259.11,16555.1,280193.0,264348.0,2980680.0,326567
9920,0.6965701170235051,1.14033,9451.3,17759.4,2298.82,16338.2,281357.0,264792.0,2983100.0,327205
9930,0.6965168613194163,1.13952,9021.46,17488.2,2242.9,16625.8,281859.0,264889.0,2985510.0,327237
9940,0.6964637100995498,1.13875,8136.47,17869.0,2217.9,16305.8,282750.0,264968.0,2987930.0,327279
9950,0.6964106630563117,1.14128,12128.3,17607.3,2296.99,16467.5,279773.0,266092.0,2990340.0,328273
9960,0.6963577198833154,1.14387,11627.4,17741.9,2271.52,16628.0,281014.0,266732.0,2992760.0,329283
9970,0.6963048802753761,1.13695,6768.36,17844.9,2328.8,16372.2,284242.0,265420.0,2995170.0,327556
9980,0.6962521439285052,1.139,6211.49,17808.5,2223.35,16620.3,285545.0,265984.0,2997580.0,328409
9990,0.6961995105399036,1.14002,10033.3,17838.3,2217.61,16658.2,282223.0,266390.0,3000000.0,328970
12000,0.687363783659418,1.20235,6358.22,15411.5,2040.01,17757.0,305388.0,290773.0,3000000.0,346955
15000,0.6785054634534623,1.28564,3534.74,11486.6,1533.3,18912.0,335522.0,324004.0,3000000.0,370989
20000,0.6695690375491983,1.40955,6673.73,6910.55,1045.2,20145.7,371972.0,369598.0,3000000.0,406747
